"dist","scenario","n","scheme","mle_converged","valid","reason","rcond","chol_ok","asym","eig_min","eig_max","step_stability","scale_stability","se_1","se_2","se_3"
"gamma","moderada",100,"A",TRUE,TRUE,NA,0.0525739722137787,TRUE,0,26.8322930306178,455.125623475423,6.66310514942794e-08,7.69628647569447e-08,0.279729285185913,62.8905161869193,NA
"gamma","moderada",100,"B",TRUE,TRUE,NA,0.0525586423497197,TRUE,0,26.8227397054123,455.113121891967,4.08037567977502e-05,4.7612006600998e-05,0.279783020591809,62.8999927647794,NA
"gamma","moderada",100,"C_richardson",TRUE,TRUE,NA,0.0525739621128085,TRUE,0,26.8322871157728,455.125609205154,9.69366772797598e-08,5.41431420843798e-07,0.279729313803411,62.8905229187728,NA
"gamma","moderada",1000,"A",TRUE,TRUE,NA,0.0555157429530171,TRUE,0,269.025014353916,4291.00495346391,7.18797046428191e-08,4.74452577078517e-06,0.0826211698127856,23.1304889271122,NA
"gamma","moderada",1000,"B",TRUE,TRUE,NA,0.0555095443145544,TRUE,0,268.98994325277,4290.97623818406,4.760815574034e-05,8.10787193476238e-05,0.082626880600915,23.1317766141164,NA
"gamma","moderada",1000,"C_richardson",TRUE,TRUE,NA,0.0555159269145262,TRUE,0,269.026144872312,4291.00669882053,6.29792525817782e-07,4.88656144349372e-06,0.0826209799840377,23.1304484400252,NA
"gamma","moderada",10000,"A",TRUE,TRUE,NA,0.054501812346857,TRUE,0,2687.87822543488,43776.3554398382,4.11803305479388e-07,4.14218916698561e-06,0.0267416519886016,7.28702246631322,NA
"gamma","moderada",10000,"B",TRUE,TRUE,NA,0.0544325002417209,TRUE,0,2683.65373890213,43770.34421291,0.000206148956357485,0.00163809709135452,0.0267643424914806,7.29186712923978,NA
"gamma","moderada",10000,"C_richardson",TRUE,TRUE,NA,0.0545027196553557,TRUE,0,2687.93142635629,43776.4069959382,2.11989872812881e-06,2.02350491356506e-05,0.0267413685624267,7.2869613146773,NA
"gamma","shape_bajo",100,"A",TRUE,TRUE,NA,0.12149626138801,TRUE,0,24.8329047110478,150.632688350132,2.33511966750164e-07,8.52275250806422e-07,0.0599193602660977,149.539067160253,NA
"gamma","shape_bajo",100,"B",TRUE,TRUE,NA,0.121494014046345,TRUE,0,24.8319065611431,150.629771188555,2.54596319324649e-05,0.00028438053087204,0.0599209508691976,149.54136394223,NA
"gamma","shape_bajo",100,"C_richardson",TRUE,TRUE,NA,0.121496170771706,TRUE,0,24.8328468111101,150.632479510105,1.89744810147611e-06,6.38150710854284e-06,0.0599194643863655,149.539192122412,NA
"gamma","shape_bajo",1000,"A",TRUE,TRUE,NA,0.12139225902705,TRUE,0,248.613574348074,1509.85516667496,9.50310090792043e-08,4.05981381128071e-07,0.0190370737296216,55.7822543934033,NA
"gamma","shape_bajo",1000,"B",TRUE,TRUE,NA,0.121382003884867,TRUE,0,248.516830022208,1509.46101189679,0.000263657346704287,0.000843551051331397,0.0190431566587261,55.7895163301259,NA
"gamma","shape_bajo",1000,"C_richardson",TRUE,TRUE,NA,0.121391860936764,TRUE,0,248.61121448949,1509.84714181823,6.76373562372065e-06,4.60339806763694e-06,0.0190372122512653,55.7824375123987,NA
"gamma","shape_bajo",10000,"A",TRUE,TRUE,NA,0.121929140072417,TRUE,0,2470.7775767096,14913.1243283327,1.15790520509313e-07,4.72353514455718e-07,0.00587190913929037,18.025096420983,NA
"gamma","shape_bajo",10000,"B",TRUE,TRUE,NA,0.121940546799869,TRUE,0,2471.08090838839,14913.4449874548,0.000355193113610407,0.000660892232321926,0.00587141326034736,18.0243417277248,NA
"gamma","shape_bajo",10000,"C_richardson",TRUE,TRUE,NA,0.121928969344076,TRUE,0,2470.76553476523,14913.0791745196,3.67507972709206e-06,2.0875378835551e-05,0.00587193163350338,18.0251267974288,NA
"gamma","shape_alto",100,"A",TRUE,TRUE,NA,0.0132042268654139,TRUE,0,25.5339470492374,1882.35546505088,5.36593204162585e-08,6.7180677175225e-08,1.28957565826615,14.489151521824,NA
"gamma","shape_alto",100,"B",TRUE,TRUE,NA,0.0132055757989624,TRUE,0,25.5366303370249,1882.35780677598,1.89648966501813e-06,8.1317045539834e-07,1.28950767766552,14.4884122903126,NA
"gamma","shape_alto",100,"C_richardson",TRUE,TRUE,NA,0.0132042289378994,TRUE,0,25.5339511066673,1882.35544412097,6.57983345781707e-08,1.45102999276883e-08,1.2895755484062,14.4891504814945,NA
"gamma","shape_alto",1000,"A",TRUE,TRUE,NA,0.014229099983926,TRUE,0,255.743347876142,17458.0137980552,4.89621323121618e-08,6.86847140189088e-08,0.377256612324594,4.70200392619675,NA
"gamma","shape_alto",1000,"B",TRUE,TRUE,NA,0.0142280206015984,TRUE,0,255.723655137935,17458.0100307443,3.55768817016346e-07,1.75253131935502e-05,0.377271108706078,4.70218024729576,NA
"gamma","shape_alto",1000,"C_richardson",TRUE,TRUE,NA,0.0142290730707116,TRUE,0,255.742849312411,17458.0130779393,9.40125357799957e-08,2.23015891028604e-07,0.377256978065347,4.70200840688709,NA
"gamma","shape_alto",10000,"A",TRUE,TRUE,NA,0.0138319685123989,TRUE,0,2555.86404626322,179630.950640535,5.14469188440672e-08,8.87876335065476e-08,0.122871587842062,1.45382054293467,NA
"gamma","shape_alto",10000,"B",TRUE,TRUE,NA,0.0138374361427755,TRUE,0,2556.89451992168,179631.27320528,6.78766652607331e-06,3.537567806607e-05,0.122846784701645,1.45353597132576,NA
"gamma","shape_alto",10000,"C_richardson",TRUE,TRUE,NA,0.0138320205385289,TRUE,0,2555.87405507199,179630.960747507,1.28220183596334e-07,2.82442999241862e-07,0.122871344267704,1.45381780632522,NA
"weibull","moderada",100,"A",TRUE,TRUE,NA,0.416399867517885,TRUE,0,141.10345670124,290.304554705356,1.97152020610112e-06,2.03004704401932e-06,0.121085248489941,51.9325708813269,NA
"weibull","moderada",100,"B",TRUE,TRUE,NA,0.416408940251924,TRUE,0,141.105853761235,290.305091850599,5.02280808849126e-06,4.80651931621682e-05,0.12108407376554,51.9325099048878,NA
"weibull","moderada",100,"C_richardson",TRUE,TRUE,NA,0.416400525481071,TRUE,0,141.103594269914,290.304407084544,2.61140018413401e-06,2.5231611305494e-07,0.12108521274069,51.9325616045444,NA
"weibull","moderada",1000,"A",TRUE,TRUE,NA,0.468214941371816,TRUE,0,1356.61344015592,2651.82801192487,1.74965537010071e-06,2.19816398248458e-06,0.0356513148859735,17.8713483527963,NA
"weibull","moderada",1000,"B",TRUE,TRUE,NA,0.468322114976896,TRUE,0,1356.84781010607,2651.92727478785,6.70029004082124e-05,7.74991135084652e-05,0.0356476514877288,17.8710167466274,NA
"weibull","moderada",1000,"C_richardson",TRUE,TRUE,NA,0.468218670862387,TRUE,0,1356.62122005213,2651.83094532757,4.58227343966081e-06,6.12683867547675e-06,0.0356511906656077,17.8713397185686,NA
"weibull","moderada",10000,"A",TRUE,TRUE,NA,0.440738292236985,TRUE,0,13748.2475997277,27325.5817102158,1.83016008410823e-06,2.6624795848858e-06,0.0117594755104133,5.59963865392755,NA
"weibull","moderada",10000,"B",TRUE,TRUE,NA,0.441124412357753,TRUE,0,13757.7256372146,27330.3133714925,0.000564269174323495,0.000985980995707341,0.0117543353915615,5.59944196452111,NA
"weibull","moderada",10000,"C_richardson",TRUE,TRUE,NA,0.440734944120268,TRUE,0,13748.159249539,27325.5107538379,5.9509010963788e-06,4.66719867721426e-06,0.0117595277749893,5.59963998636205,NA
"weibull","shape_bajo",100,"A",TRUE,TRUE,NA,0.177982710600172,TRUE,0,43.7906506836663,194.31316588591,3.77597294059944e-07,6.5113332449872e-07,0.0547323473789047,85.1153801364855,NA
"weibull","shape_bajo",100,"B",TRUE,TRUE,NA,0.177978484695685,TRUE,0,43.7913440742674,194.322830632432,3.90881552785595e-05,0.000295729917194927,0.0547305397502124,85.1149446443745,NA
"weibull","shape_bajo",100,"C_richardson",TRUE,TRUE,NA,0.177982800122262,TRUE,0,43.7906526658617,194.313088408981,7.42968111874019e-07,1.85273219010445e-06,0.0547323547279285,85.1153790264697,NA
"weibull","shape_bajo",1000,"A",TRUE,TRUE,NA,0.190431207793214,TRUE,0,462.625000150502,1916.80177161305,5.48640064425582e-07,8.23438005901153e-07,0.0178812803711933,24.7927258381832,NA
"weibull","shape_bajo",1000,"B",TRUE,TRUE,NA,0.190396154367219,TRUE,0,462.657111684556,1917.36200185889,0.000248364528023058,0.000402411183303116,0.0178781247929229,24.792186926758,NA
"weibull","shape_bajo",1000,"C_richardson",TRUE,TRUE,NA,0.190431191513844,TRUE,0,462.625141293459,1916.80252499825,8.52719486258167e-07,1.09707618478145e-05,0.0178812768512923,24.7927220997317,NA
"weibull","shape_bajo",10000,"A",TRUE,TRUE,NA,0.177887584573338,TRUE,0,4266.01473259761,18987.969991502,1.05215551826982e-06,3.39087939602724e-06,0.00544134741357398,7.62511368618463,NA
"weibull","shape_bajo",10000,"B",TRUE,TRUE,NA,0.177761394072596,TRUE,0,4267.05956519327,19008.3869379706,0.000780183498136361,0.00283254684845984,0.00543798363787633,7.62445350588104,NA
"weibull","shape_bajo",10000,"C_richardson",TRUE,TRUE,NA,0.177886560742607,TRUE,0,4266.03287653588,18988.1912133896,1.28335070757119e-05,3.82262194396766e-05,0.00544130908767633,7.62510091893917,NA
"loglogistic","moderada",100,"A",TRUE,TRUE,NA,0.781799283327411,TRUE,0,142.406916563968,180.98383172616,1.25794158489997e-07,1.48164478428839e-07,0.194849033624422,39.360213155755,NA
"loglogistic","moderada",100,"B",TRUE,TRUE,NA,0.781768997664256,TRUE,0,142.401237471211,180.983990085629,1.34863538017818e-05,4.04560162696344e-05,0.194852922850197,39.3601949898606,NA
"loglogistic","moderada",100,"C_richardson",TRUE,TRUE,NA,0.781799547903021,TRUE,0,142.406987458156,180.983841866416,3.73112808497895e-07,7.21617296886256e-07,0.194848984955273,39.3602120958025,NA
"loglogistic","moderada",1000,"A",TRUE,TRUE,NA,0.723266060088631,TRUE,0,1420.87925944026,1941.41585623466,3.23217372811448e-07,1.02846331381618e-06,0.0638489612171505,13.7834698251387,NA
"loglogistic","moderada",1000,"B",TRUE,TRUE,NA,0.723100492372317,TRUE,0,1420.5561372574,1941.42017201007,0.000157247592117009,0.000536362698433781,0.0638562258352904,13.7834537901087,NA
"loglogistic","moderada",1000,"C_richardson",TRUE,TRUE,NA,0.723267358511467,TRUE,0,1420.88186171919,1941.41590567285,1.37391046896051e-06,5.34481416719061e-06,0.0638489027179908,13.7834696564216,NA
"loglogistic","moderada",10000,"A",TRUE,TRUE,NA,0.658401784919033,TRUE,0,14283.0216369011,21611.0062881125,1.90691912864981e-07,0.000102866535100105,0.0212958078540891,4.11768409352091,NA
"loglogistic","moderada",10000,"B",TRUE,TRUE,NA,0.658065690061486,TRUE,0,14275.6594411317,21610.7098455766,0.000264702999864975,0.000361489926895724,0.0213012980289745,4.11771247492965,NA
"loglogistic","moderada",10000,"C_richardson",TRUE,TRUE,NA,0.658402295662729,TRUE,0,14283.0191511749,21611.0064235279,5.38035793317562e-07,0.000102171126707511,0.0212958097655406,4.11768406355355,NA
"loglogistic","cola_pesada",100,"A",TRUE,TRUE,NA,0.289541726099827,TRUE,0,42.2077217775877,144.074475820071,2.04014267533213e-07,2.05112317077761e-07,0.0941583938550711,63.5847475423958,NA
"loglogistic","cola_pesada",100,"B",TRUE,TRUE,NA,0.289540355531798,TRUE,0,42.2078630800571,144.076211495106,5.87840576108324e-06,0.000330431273048313,0.0941578212658673,63.5846421964002,NA
"loglogistic","cola_pesada",100,"C_richardson",TRUE,TRUE,NA,0.289541837689493,TRUE,0,42.2077203716357,144.074414789111,6.09949698205799e-07,6.11571217980253e-07,0.0941584138031026,63.5847485998131,NA
"loglogistic","cola_pesada",1000,"A",TRUE,TRUE,NA,0.334342852323914,TRUE,0,481.009611156687,1436.02588382318,2.93241220484313e-07,1.060147819781e-07,0.0317741796332568,18.9765674203256,NA
"loglogistic","cola_pesada",1000,"B",TRUE,TRUE,NA,0.334356501807928,TRUE,0,481.013172379743,1435.97970691979,0.000118768001153029,0.000376822121370355,0.0317746904268697,18.9764971892981,NA
"loglogistic","cola_pesada",1000,"C_richardson",TRUE,TRUE,NA,0.334342243459134,TRUE,0,481.009667065618,1436.02865077312,2.12009258601738e-06,4.11588294435593e-06,0.0317741490226353,18.9765663173515,NA
"loglogistic","cola_pesada",10000,"A",TRUE,TRUE,NA,0.345713286529314,TRUE,0,4932.39982223524,14251.7701601294,2.84089158719607e-07,6.61101320801038e-06,0.0101744540444845,5.66383763100183,NA
"loglogistic","cola_pesada",10000,"B",TRUE,TRUE,NA,0.345442000057529,TRUE,0,4932.3404851663,14261.2189218399,0.000428190530964535,0.00289315533889705,0.0101710843726478,5.66387142574668,NA
"loglogistic","cola_pesada",10000,"C_richardson",TRUE,TRUE,NA,0.345712273500477,TRUE,0,4932.3990803662,14251.8352430321,4.38398439370998e-06,2.47660743264235e-05,0.0101744307910283,5.66383806117437,NA
"pareto","moderada",100,"A",TRUE,TRUE,NA,0.0266713065849502,TRUE,0,4.94655402197513,137.442423362414,5.581420103227e-08,7.2141021904471e-07,0.369248860383377,186.596590340491,NA
"pareto","moderada",100,"B",TRUE,TRUE,NA,0.0266504655105684,TRUE,0,4.94213452338778,137.431494585821,0.000135290155526385,0.000608803039206355,0.36942896269122,186.673023586529,NA
"pareto","moderada",100,"C_richardson",TRUE,TRUE,NA,0.0266707721032478,TRUE,0,4.94644057455096,137.44213822128,2.82918800378443e-06,3.31015484592336e-06,0.369253469680114,186.598553555183,NA
"pareto","moderada",1000,"A",TRUE,TRUE,NA,0.0132880255954325,TRUE,0,25.699429921534,1544.19917227965,1.22493029318176e-07,1.30586015614617e-06,0.320992714405175,175.128229643673,NA
"pareto","moderada",1000,"B",TRUE,TRUE,NA,0.0132971809995014,TRUE,0,25.7178073610875,1544.2173579197,5.62337955987145e-05,0.000626375356012264,0.320875459834461,175.068020755678,NA
"pareto","moderada",1000,"C_richardson",TRUE,TRUE,NA,0.013288124809058,TRUE,0,25.699597918958,1544.19817210296,6.77093387742179e-07,7.27661791796531e-06,0.320991786940147,175.127635568351,NA
"pareto","moderada",10000,"A",TRUE,TRUE,NA,0.0166482956791182,TRUE,0,319.64675185476,15105.3775832529,1.32644741403443e-06,1.81029543442829e-06,0.0793440267140365,42.4491996493719,NA
"pareto","moderada",10000,"B",TRUE,TRUE,NA,0.0164504010310271,TRUE,0,315.56228928241,15097.1192714181,0.000579829664084415,0.00032847919078571,0.0798755733690897,42.7089572230707,NA
"pareto","moderada",10000,"C_richardson",TRUE,TRUE,NA,0.0166497332043129,TRUE,0,319.676912982203,15105.4488042005,5.59097693579276e-06,3.73775366176709e-06,0.0793400762158948,42.4473180978379,NA
"pareto","cola_pesada",100,"A",TRUE,TRUE,NA,0.0188419159967533,TRUE,0,3.60020928351696,149.018300021415,2.85181919512551e-07,7.28830170087122e-08,0.688700007578486,728.84633218323,NA
"pareto","cola_pesada",100,"B",TRUE,TRUE,NA,0.018833563445248,TRUE,0,3.59844288102507,149.013781653478,4.16975593154984e-05,0.000208151516246205,0.68887843666455,729.013913959774,NA
"pareto","cola_pesada",100,"C_richardson",TRUE,TRUE,NA,0.0188419269243782,TRUE,0,3.60021165009166,149.018305248585,2.19166099570763e-07,2.16707759918774e-06,0.688699752267174,728.846116920125,NA
"pareto","cola_pesada",1000,"A",TRUE,TRUE,NA,0.0311860490102444,TRUE,0,56.7410136874451,1321.20103703051,3.84768223919724e-07,1.38857166711307e-06,0.0869337826489334,56.3453564264301,NA
"pareto","cola_pesada",1000,"B",TRUE,TRUE,NA,0.0311680580292755,TRUE,0,56.7015490245919,1321.07628863356,9.38218675078796e-05,0.000282276112436984,0.086967716853485,56.3630970515456,NA
"pareto","cola_pesada",1000,"C_richardson",TRUE,TRUE,NA,0.0311851171745264,TRUE,0,56.7389669258752,1321.19468184362,6.02090042539294e-06,1.51036123823212e-06,0.0869355667999673,56.3462697706126,NA
"pareto","cola_pesada",10000,"A",TRUE,TRUE,NA,0.032826268538102,TRUE,0,595.983208652704,13181.8991289868,2.90756153178008e-06,5.6997684697577e-06,0.0264806693851576,18.0495610777033,NA
"pareto","cola_pesada",10000,"B",TRUE,TRUE,NA,0.0329920208252161,TRUE,0,599.585857819383,13192.2064926283,0.000631278327696244,0.00249453461582177,0.0263914724215877,18.0005240676984,NA
"pareto","cola_pesada",10000,"C_richardson",TRUE,TRUE,NA,0.032827163370848,TRUE,0,596.003857230202,13181.9762038332,1.03130867106362e-05,1.65042024837358e-05,0.0264801334898412,18.0492837744426,NA
"burr","moderada",100,"A",TRUE,TRUE,NA,0.00138581062779822,TRUE,0,0.653766282328189,382.496444715306,3.67821682316862e-07,4.29372316692682e-07,0.231069539891821,3.71636544039541,874.621679232247
"burr","moderada",100,"B",TRUE,TRUE,NA,0.00136666996456699,TRUE,0,0.644759831127761,382.494015359738,3.82835421010506e-05,0.000155735050962613,0.232179507900712,3.7423192038932,880.638570423788
"burr","moderada",100,"C_richardson",TRUE,TRUE,NA,0.00138581505622817,TRUE,0,0.653768166892574,382.496387748673,6.15928920282189e-07,1.83027940416629e-06,0.231069762966237,3.71635961690896,874.620531391337
"burr","moderada",1000,"A",TRUE,TRUE,NA,0.00671497052073898,TRUE,0,29.1832110465361,2834.65139351449,2.7730453709788e-07,6.11637066508393e-07,0.0883178261726377,0.255058615625532,64.2992541668356
"burr","moderada",1000,"B",TRUE,TRUE,NA,0.00672965864979432,TRUE,0,29.247084687447,2834.7150966191,5.2490372314094e-05,0.000254035756891156,0.0882655110750534,0.254773792388443,64.232265943229
"burr","moderada",1000,"C_richardson",TRUE,TRUE,NA,0.00671546689539705,TRUE,0,29.1853520837481,2834.65241545396,1.23590769781736e-06,1.37248371969577e-06,0.0883155099780682,0.255049259423327,64.2969841827593
"burr","moderada",10000,"A",TRUE,TRUE,NA,0.00709946926816268,TRUE,0,285.19719295534,26748.9978197989,5.70706224928757e-07,1.69019607322977e-06,0.0281808377744069,0.0759020570264136,18.8440565096269
"burr","moderada",10000,"B",TRUE,TRUE,NA,0.00722640752019839,TRUE,0,290.257598013237,26752.5210090685,0.000429978405973523,0.000469415764122864,0.0279972033363131,0.0752348338178322,18.6861749581383
"burr","moderada",10000,"C_richardson",TRUE,TRUE,NA,0.00709931432430364,TRUE,0,285.191122553939,26749.0012147463,5.23981417265655e-06,5.65856092575956e-06,0.0281813818708385,0.0759027785304395,18.8442550585009
"burr","pesada",100,"A",TRUE,TRUE,NA,0.00982793172049577,TRUE,0,2.62766984584089,195.78343050485,3.16934377739969e-07,3.08894151747901e-07,0.181104362906971,0.27661151489713,207.056609139547
"burr","pesada",100,"B",TRUE,TRUE,NA,0.00985641035202805,TRUE,0,2.63550880641618,195.788606259499,8.45677120973159e-05,0.000163585939058383,0.180886218976232,0.276183525852737,206.769274764376
"burr","pesada",100,"C_richardson",TRUE,TRUE,NA,0.00982800382511495,TRUE,0,2.62768898184887,195.783549596367,1.47053891959427e-06,1.81051507856406e-06,0.181103605504516,0.276610469132178,207.055924589816
"burr","pesada",1000,"A",TRUE,TRUE,NA,0.0130574452331205,TRUE,0,34.5931505631018,1930.4976208506,1.72943835599347e-07,2.69714142198621e-06,0.0568044771388266,0.0798283536464132,51.9357441802975
"burr","pesada",1000,"B",TRUE,TRUE,NA,0.0130258460848084,TRUE,0,34.5113398095907,1930.51187356404,0.000198239349976065,0.000696334124774715,0.05687869132514,0.0799266532299213,51.9897469591752
"burr","pesada",1000,"C_richardson",TRUE,TRUE,NA,0.013057106906557,TRUE,0,34.5922064993877,1930.49431673995,2.10654163452181e-06,8.15661783321774e-06,0.0568051171551547,0.0798294759868115,51.9363943501222
"burr","pesada",10000,"A",TRUE,TRUE,NA,0.0116164831327112,TRUE,0,309.167658109687,19455.6519569584,8.47902601774364e-07,4.69427466825286e-06,0.0193011766574003,0.0263532795196087,17.0821275216554
"burr","pesada",10000,"B",TRUE,TRUE,NA,0.0116480815153591,TRUE,0,310.017562664894,19461.7704933728,0.000672267374828177,0.000710843245178074,0.0192656605224526,0.0263149071141581,17.062088369128
"burr","pesada",10000,"C_richardson",TRUE,TRUE,NA,0.0116169573414563,TRUE,0,309.178774508409,19455.8160391385,1.92590610921088e-05,1.11621685389686e-05,0.0193003445102478,0.0263528349807195,17.0818795711433
"burr","shape2_bajo",100,"A",TRUE,TRUE,NA,0.0203258156436314,TRUE,0,6.70890803557679,235.699676659516,2.6729757946555e-07,4.36258982312375e-07,0.426730671327523,0.149126886441552,109.370766174149
"burr","shape2_bajo",100,"B",TRUE,TRUE,NA,0.0203442912717526,TRUE,0,6.71502489484354,235.701523488502,2.40471878881143e-05,0.000172195466954931,0.426567170077713,0.149059096237998,109.331132641918
"burr","shape2_bajo",100,"C_richardson",TRUE,TRUE,NA,0.0203257821778859,TRUE,0,6.70889811968793,235.699739706836,6.87278255366459e-07,1.68204436753037e-06,0.426730772999877,0.149127006475754,109.370837473148
"burr","shape2_bajo",1000,"A",TRUE,TRUE,NA,0.0182060905773759,TRUE,0,55.080502856941,2221.9038984702,4.45446133064523e-07,1.61958483278902e-06,0.123185716806912,0.0456519748309797,36.9793427331604
"burr","shape2_bajo",1000,"B",TRUE,TRUE,NA,0.018196958628914,TRUE,0,55.0571454732075,2221.81997204807,0.000129233737069224,0.000617135820707519,0.123244724678389,0.0456591845437683,36.9835232349876
"burr","shape2_bajo",1000,"C_richardson",TRUE,TRUE,NA,0.0182050187975579,TRUE,0,55.077258460113,2221.90284631968,2.06317676138177e-06,6.93300860629792e-06,0.123188754137295,0.0456533428774725,36.9802272997057
"burr","shape2_bajo",10000,"A",TRUE,TRUE,NA,0.0196965300571209,TRUE,0,588.790013934621,22070.9407844672,1.61876962412583e-06,7.8691918867454e-06,0.0351906124870372,0.0152500783516551,12.70596797976
"burr","shape2_bajo",10000,"B",TRUE,TRUE,NA,0.0198535366653626,TRUE,0,593.608709973204,22072.3883904251,0.000744950336396035,0.00150379101540462,0.0350960608153035,0.0151853157451031,12.6622678894383
"burr","shape2_bajo",10000,"C_richardson",TRUE,TRUE,NA,0.0196980748643694,TRUE,0,588.84080290829,22070.9406217525,1.37122031062841e-05,2.87684090222348e-05,0.0351902483809371,0.0152493678762732,12.7054327673302
