"dist","scenario","n","rep","scheme","k","ref_kind","valid","reason","J_fro_rel","var_rel_err_max","se_rel_err_max","cov_offdiag_abs_err","chol_ok","rcond","asym","eig_min","eig_max","n_eval","secs"
"exponential","rate_1",100,1,"A",1,"observed",TRUE,NA,4.76837158203125e-08,4.76837134866424e-08,2.38418570055492e-08,NA,TRUE,1,0,100.000004768372,100.000004768372,3,0.021
"exponential","rate_1",100,1,"B",1,"observed",TRUE,NA,6.54886371904695e-07,6.54885942843495e-07,3.27443024999098e-07,NA,TRUE,1,0,100.000065488637,100.000065488637,3,0.001
"exponential","rate_1",100,1,"C_richardson",1,"observed",TRUE,NA,2.38418579101562e-07,2.38418521979956e-07,1.19209268065256e-07,NA,TRUE,1,0,100.000023841858,100.000023841858,6,0
"exponential","rate_1",100,2,"A",1,"observed",TRUE,NA,3.814697265625e-08,3.8146971094918e-08,1.90734858162096e-08,NA,TRUE,1,0,100.000003814697,100.000003814697,3,0
"exponential","rate_1",100,2,"B",1,"observed",TRUE,NA,6.54886371904695e-07,6.54885943216488e-07,3.27443025336222e-07,NA,TRUE,1,0,100.000065488637,100.000065488637,3,0
"exponential","rate_1",100,2,"C_richardson",1,"observed",TRUE,NA,3.814697265625e-08,3.8146971094918e-08,1.90734858162096e-08,NA,TRUE,1,0,100.000003814697,100.000003814697,6,0
"exponential","rate_1",100,3,"A",1,"observed",TRUE,NA,5.7220458984375e-08,5.72204554289101e-08,2.8610228162987e-08,NA,TRUE,1,0,100.000005722046,100.000005722046,3,0
"exponential","rate_1",100,3,"B",1,"observed",TRUE,NA,8.40586807100863e-06,8.40579741312752e-06,4.20290753873285e-06,NA,TRUE,1,0,100.000840586807,100.000840586807,3,0.001
"exponential","rate_1",100,3,"C_richardson",1,"observed",TRUE,NA,1.84377034457839e-07,1.84377000669333e-07,9.21885046134991e-08,NA,TRUE,1,0,100.000018437703,100.000018437703,6,0
"exponential","rate_1",1000,1,"A",1,"observed",TRUE,NA,3.0517578125e-08,3.05175772160477e-08,1.52587888087488e-08,NA,TRUE,1,0,1000.00003051758,1000.00003051758,3,0
"exponential","rate_1",1000,1,"B",1,"observed",TRUE,NA,6.88635253236498e-05,6.88587834654107e-05,3.4429984444615e-05,NA,TRUE,1,0,1000.06886352532,1000.06886352532,3,0.001
"exponential","rate_1",1000,1,"C_richardson",1,"observed",TRUE,NA,1.52587890625e-07,1.52587867470973e-07,7.62939367228425e-08,NA,TRUE,1,0,1000.00015258789,1000.00015258789,6,0.001
"exponential","rate_1",1000,2,"A",1,"observed",TRUE,NA,1.678466796875e-07,1.67846651422829e-07,8.3923329241202e-08,NA,TRUE,1,0,1000.00016784668,1000.00016784668,3,0
"exponential","rate_1",1000,2,"B",1,"observed",TRUE,NA,4.71607765663293e-05,4.71585525323911e-05,2.35795542638591e-05,NA,TRUE,1,0,1000.04716077657,1000.04716077657,3,0
"exponential","rate_1",1000,2,"C_richardson",1,"observed",TRUE,NA,5.950927734375e-07,5.95092419485398e-07,2.97546253967596e-07,NA,TRUE,1,0,1000.00059509277,1000.00059509277,6,0
"exponential","rate_1",1000,3,"A",1,"observed",TRUE,NA,9.918212890625e-08,9.91821389038885e-08,4.95910681105661e-08,NA,TRUE,1,0,999.999900817871,999.999900817871,3,0
"exponential","rate_1",1000,3,"B",1,"observed",TRUE,NA,9.95606441074415e-06,9.95596528889319e-06,4.97799503469477e-06,NA,TRUE,1,0,1000.00995606441,1000.00995606441,3,0
"exponential","rate_1",1000,3,"C_richardson",1,"observed",TRUE,NA,2.3651123046875e-07,2.36511174733233e-07,1.18255594324376e-07,NA,TRUE,1,0,1000.00023651123,1000.00023651123,6,0
"exponential","rate_1",10000,1,"A",1,"observed",TRUE,NA,4.150390625e-07,4.15038890321782e-07,2.07519466731204e-07,NA,TRUE,1,0,10000.0041503906,10000.0041503906,3,0
"exponential","rate_1",10000,1,"B",1,"observed",TRUE,NA,8.2505253113959e-05,8.2498446558545e-05,4.12500740637084e-05,NA,TRUE,1,0,10000.8250525311,10000.8250525311,3,0.001
"exponential","rate_1",10000,1,"C_richardson",1,"observed",TRUE,NA,3.13313802089397e-06,3.1331478376611e-06,1.56657269171912e-06,NA,TRUE,1,0,9999.96866861979,9999.96866861979,6,0
"exponential","rate_1",10000,2,"A",1,"observed",TRUE,NA,9.765625e-08,9.76562596239991e-08,4.88281284956177e-08,NA,TRUE,1,0,9999.9990234375,9999.9990234375,3,0.001
"exponential","rate_1",10000,2,"B",1,"observed",TRUE,NA,8.6156108657633e-05,8.61635321723637e-05,4.30808381068082e-05,NA,TRUE,1,0,9999.13843891342,9999.13843891342,3,0
"exponential","rate_1",10000,2,"C_richardson",1,"observed",TRUE,NA,8.7890625e-07,8.78907022559197e-07,4.39453414637844e-07,NA,TRUE,1,0,9999.9912109375,9999.9912109375,6,0.001
"exponential","rate_1",10000,3,"A",1,"observed",TRUE,NA,5.2490234375e-07,5.24902068275547e-07,2.62451068589324e-07,NA,TRUE,1,0,10000.0052490234,10000.0052490234,3,0
"exponential","rate_1",10000,3,"B",1,"observed",TRUE,NA,0.000191639075436797,0.000191602356938199,9.58057678416442e-05,NA,TRUE,1,0,10001.9163907544,10001.9163907544,3,0
"exponential","rate_1",10000,3,"C_richardson",1,"observed",TRUE,NA,3.27555338535603e-06,3.27554265621144e-06,1.63777266918574e-06,NA,TRUE,1,0,10000.0327555339,10000.0327555339,6,0.001
"exponential","rate_pequeno",100,1,"A",1,"observed",TRUE,NA,5.51081352284655e-08,5.5108132171732e-08,2.75540664279775e-08,NA,TRUE,1,0,100.000005510814,100.000005510814,3,0
"exponential","rate_pequeno",100,1,"B",1,"observed",TRUE,NA,1.70591989459012e-06,1.7059228047613e-06,8.52961038542769e-07,NA,TRUE,1,0,99.9998294080105,99.9998294080105,3,0
"exponential","rate_pequeno",100,1,"C_richardson",1,"observed",TRUE,NA,2.30543378165748e-08,2.30543381772567e-08,1.15271689857573e-08,NA,TRUE,1,0,99.9999976945662,99.9999976945662,6,0.001
"exponential","rate_pequeno",100,2,"A",1,"observed",TRUE,NA,5.75048768780562e-08,5.75048735357585e-08,2.87524372694163e-08,NA,TRUE,1,0,100.000005750488,100.000005750488,3,0
"exponential","rate_pequeno",100,2,"B",1,"observed",TRUE,NA,3.67646117084064e-06,3.67644765451387e-06,1.8382255168041e-06,NA,TRUE,1,0,100.000367646117,100.000367646117,3,0
"exponential","rate_pequeno",100,2,"C_richardson",1,"observed",TRUE,NA,2.42375348591395e-08,2.42375354844548e-08,1.21187676485521e-08,NA,TRUE,1,0,99.9999975762465,99.9999975762465,6,0
"exponential","rate_pequeno",100,3,"A",1,"observed",TRUE,NA,5.74389913765572e-08,5.74389879799746e-08,2.8719494488817e-08,NA,TRUE,1,0,100.000005743899,100.000005743899,3,0.001
"exponential","rate_pequeno",100,3,"B",1,"observed",TRUE,NA,2.04823763738204e-06,2.04824183273208e-06,1.02412039185537e-06,NA,TRUE,1,0,99.9997951762363,99.9997951762363,3,0
"exponential","rate_pequeno",100,3,"C_richardson",1,"observed",TRUE,NA,3.34133076762555e-09,3.34133065750058e-09,1.67066535278935e-09,NA,TRUE,1,0,100.000000334133,100.000000334133,6,0
"exponential","rate_pequeno",1000,1,"A",1,"observed",TRUE,NA,3.73489805269855e-08,3.73489791731083e-08,1.86744897523348e-08,NA,TRUE,1,0,1000.00003734898,1000.00003734898,3,0
"exponential","rate_pequeno",1000,1,"B",1,"observed",TRUE,NA,4.97374080396185e-07,4.9737432765708e-07,2.48687132863439e-07,NA,TRUE,1,0,999.99950262592,999.99950262592,3,0
"exponential","rate_pequeno",1000,1,"C_richardson",1,"observed",TRUE,NA,2.35847593330618e-08,2.35847584974746e-08,1.17923793886912e-08,NA,TRUE,1,0,1000.00002358476,1000.00002358476,6,0
"exponential","rate_pequeno",1000,2,"A",1,"observed",TRUE,NA,1.04402898841727e-07,1.04402887716509e-07,5.22014451003248e-08,NA,TRUE,1,0,1000.0001044029,1000.0001044029,3,0
"exponential","rate_pequeno",1000,2,"B",1,"observed",TRUE,NA,4.21731174037632e-06,4.21729395482554e-06,2.10864920059896e-06,NA,TRUE,1,0,1000.00421731174,1000.00421731174,3,0.001
"exponential","rate_pequeno",1000,2,"C_richardson",1,"observed",TRUE,NA,3.59366176780895e-08,3.59366165714191e-08,1.79683083246591e-08,NA,TRUE,1,0,1000.00003593662,1000.00003593662,6,0
"exponential","rate_pequeno",1000,3,"A",1,"observed",TRUE,NA,4.12107027614184e-08,4.12107012607549e-08,2.06053509485335e-08,NA,TRUE,1,0,1000.0000412107,1000.0000412107,3,0
"exponential","rate_pequeno",1000,3,"B",1,"observed",TRUE,NA,9.61540341597811e-06,9.61549587251808e-06,4.80773637914577e-06,NA,TRUE,1,0,999.990384596584,999.990384596584,3,0.001
"exponential","rate_pequeno",1000,3,"C_richardson",1,"observed",TRUE,NA,2.09096560865873e-08,2.09096558034392e-08,1.04548279264744e-08,NA,TRUE,1,0,1000.00002090966,1000.00002090966,6,0
"exponential","rate_pequeno",10000,1,"A",1,"observed",TRUE,NA,2.45120987347036e-07,2.45120927234006e-07,1.22560471064697e-07,NA,TRUE,1,0,10000.0024512099,10000.0024512099,3,0
"exponential","rate_pequeno",10000,1,"B",1,"observed",TRUE,NA,3.76842134310209e-05,3.76827933845468e-05,1.88415741947575e-05,NA,TRUE,1,0,10000.3768421343,10000.3768421343,3,0
"exponential","rate_pequeno",10000,1,"C_richardson",1,"observed",TRUE,NA,4.1922808977688e-07,4.19227913830969e-07,2.09613978832002e-07,NA,TRUE,1,0,10000.0041922809,10000.0041922809,6,0
"exponential","rate_pequeno",10000,2,"A",1,"observed",TRUE,NA,1.63778783280577e-07,1.63778756733343e-07,8.18893816358192e-08,NA,TRUE,1,0,10000.0016377878,10000.0016377878,3,0
"exponential","rate_pequeno",10000,2,"B",1,"observed",TRUE,NA,4.28080900977875e-05,4.28062576438103e-05,2.14033578737806e-05,NA,TRUE,1,0,10000.428080901,10000.428080901,3,0.001
"exponential","rate_pequeno",10000,2,"C_richardson",1,"observed",TRUE,NA,5.80152973270742e-09,5.80152972979392e-09,2.9007648151762e-09,NA,TRUE,1,0,9999.9999419847,9999.9999419847,6,0
"exponential","rate_pequeno",10000,3,"A",1,"observed",TRUE,NA,6.15427576121874e-08,6.15427540010554e-08,3.07713775245767e-08,NA,TRUE,1,0,10000.0006154276,10000.0006154276,3,0
"exponential","rate_pequeno",10000,3,"B",1,"observed",TRUE,NA,3.00797343736122e-05,3.00806391911631e-05,1.50402064917745e-05,NA,TRUE,1,0,9999.69920265626,9999.69920265626,3,0
"exponential","rate_pequeno",10000,3,"C_richardson",1,"observed",TRUE,NA,2.85012018139241e-07,2.85011936692965e-07,1.4250597854656e-07,NA,TRUE,1,0,10000.0028501202,10000.0028501202,6,0.001
"exponential","rate_grande",100,1,"A",1,"observed",TRUE,NA,5.77464545870043e-08,5.77464511503711e-08,2.88732259729009e-08,NA,TRUE,1,0,100.000005774645,100.000005774645,3,0
"exponential","rate_grande",100,1,"B",1,"observed",TRUE,NA,3.46033875274543e-06,3.4603267790497e-06,1.73016488618878e-06,NA,TRUE,1,0,100.000346033875,100.000346033875,3,0
"exponential","rate_grande",100,1,"C_richardson",1,"observed",TRUE,NA,5.77464545870043e-08,5.77464511503711e-08,2.88732259729009e-08,NA,TRUE,1,0,100.000005774645,100.000005774645,6,0
"exponential","rate_grande",100,2,"A",1,"observed",TRUE,NA,5.30025960188141e-08,5.30025930881007e-08,2.65012969071794e-08,NA,TRUE,1,0,100.00000530026,100.00000530026,3,0
"exponential","rate_grande",100,2,"B",1,"observed",TRUE,NA,2.85235203932643e-06,2.85234390333229e-06,1.42617296865749e-06,NA,TRUE,1,0,100.000285235204,100.000285235204,3,0
"exponential","rate_grande",100,2,"C_richardson",1,"observed",TRUE,NA,1.14276423346382e-08,1.14276421772716e-08,5.71382106164662e-09,NA,TRUE,1,0,100.000001142764,100.000001142764,6,0
"exponential","rate_grande",100,3,"A",1,"observed",TRUE,NA,4.92806631768872e-08,4.92806604279056e-08,2.46403304417693e-08,NA,TRUE,1,0,100.000004928066,100.000004928066,3,0
"exponential","rate_grande",100,3,"B",1,"observed",TRUE,NA,1.55888104742985e-06,1.55887861720465e-06,7.79439612291779e-07,NA,TRUE,1,0,100.000155888105,100.000155888105,3,0
"exponential","rate_grande",100,3,"C_richardson",1,"observed",TRUE,NA,2.84537422601261e-08,2.84537414959656e-08,1.42268708034314e-08,NA,TRUE,1,0,100.000002845374,100.000002845374,6,0
"exponential","rate_grande",1000,1,"A",1,"observed",TRUE,NA,4.70244018515586e-08,4.70243995507791e-08,2.35121998951303e-08,NA,TRUE,1,0,1000.0000470244,1000.0000470244,3,0
"exponential","rate_grande",1000,1,"B",1,"observed",TRUE,NA,1.17508958516055e-05,1.1750757769586e-05,5.87539614489838e-06,NA,TRUE,1,0,1000.01175089585,1000.01175089585,3,0
"exponential","rate_grande",1000,1,"C_richardson",1,"observed",TRUE,NA,1.47045284734304e-07,1.47045263222506e-07,7.35226342479745e-08,NA,TRUE,1,0,1000.00014704528,1000.00014704528,6,0
"exponential","rate_grande",1000,2,"A",1,"observed",TRUE,NA,5.7049070960602e-08,5.7049067691694e-08,2.85245342798838e-08,NA,TRUE,1,0,1000.00005704907,1000.00005704907,3,0.001
"exponential","rate_grande",1000,2,"B",1,"observed",TRUE,NA,1.01228341133037e-05,1.01227316427415e-05,5.06137863031614e-06,NA,TRUE,1,0,1000.01012283411,1000.01012283411,3,0
"exponential","rate_grande",1000,2,"C_richardson",1,"observed",TRUE,NA,4.27008922088135e-08,4.27008941408497e-08,2.13504468508838e-08,NA,TRUE,1,0,999.999957299108,999.999957299108,6,0
"exponential","rate_grande",1000,3,"A",1,"observed",TRUE,NA,5.4415564250121e-08,5.44155610136512e-08,2.72077809011406e-08,NA,TRUE,1,0,1000.00005441556,1000.00005441556,3,0
"exponential","rate_grande",1000,3,"B",1,"observed",TRUE,NA,1.71037764323501e-06,1.71037471786512e-06,8.551877246071e-07,NA,TRUE,1,0,1000.00171037764,1000.00171037764,3,0
"exponential","rate_grande",1000,3,"C_richardson",1,"observed",TRUE,NA,1.68760662631939e-07,1.68760634130717e-07,8.43803206756458e-08,NA,TRUE,1,0,1000.00016876066,1000.00016876066,6,0
"exponential","rate_grande",10000,1,"A",1,"observed",TRUE,NA,1.87490677490132e-09,1.87490685820002e-09,9.37453371939315e-10,NA,TRUE,1,0,10000.0000187491,10000.0000187491,3,0.001
"exponential","rate_grande",10000,1,"B",1,"observed",TRUE,NA,5.36564850117429e-06,5.36561971119309e-06,2.6828134543571e-06,NA,TRUE,1,0,10000.053656485,10000.053656485,3,0
"exponential","rate_grande",10000,1,"C_richardson",1,"observed",TRUE,NA,2.64376534323674e-07,2.64376604157847e-07,1.32188293331773e-07,NA,TRUE,1,0,9999.99735623466,9999.99735623466,6,0.001
"exponential","rate_grande",10000,2,"A",1,"observed",TRUE,NA,7.63616681069834e-08,7.63616623391023e-08,3.81808317693461e-08,NA,TRUE,1,0,10000.0007636167,10000.0007636167,3,0
"exponential","rate_grande",10000,2,"B",1,"observed",TRUE,NA,3.29362640950421e-06,3.29363725734458e-06,1.64681727275693e-06,NA,TRUE,1,0,9999.9670637359,9999.9670637359,3,0.001
"exponential","rate_grande",10000,2,"C_richardson",1,"observed",TRUE,NA,2.89406355477695e-07,2.89406271656244e-07,1.44703146192209e-07,NA,TRUE,1,0,10000.0028940636,10000.0028940636,6,0.001
"exponential","rate_grande",10000,3,"A",1,"observed",TRUE,NA,3.91778663470177e-08,3.91778678821248e-08,1.95889337384903e-08,NA,TRUE,1,0,9999.99960822134,9999.99960822134,3,0.001
"exponential","rate_grande",10000,3,"B",1,"observed",TRUE,NA,2.47317348481374e-05,2.47323465217301e-05,1.23660968005922e-05,NA,TRUE,1,0,9999.75268265152,9999.75268265152,3,0
"exponential","rate_grande",10000,3,"C_richardson",1,"observed",TRUE,NA,5.071205445347e-07,5.07120801294904e-07,2.53560368461144e-07,NA,TRUE,1,0,9999.99492879455,9999.99492879455,6,0
"poisson","lambda_1",100,1,"A",1,"observed",TRUE,NA,1.88846399288366e-07,1.88846434880083e-07,9.4423212977947e-08,NA,TRUE,1,0,100.999980926514,100.999980926514,3,0
"poisson","lambda_1",100,1,"B",1,"observed",TRUE,NA,7.73153849770202e-05,7.73213631081245e-05,3.86599342587931e-05,NA,TRUE,1,0,100.992191146117,100.992191146117,3,0
"poisson","lambda_1",100,1,"C_richardson",1,"observed",TRUE,NA,3.39923518719059e-07,3.39923634138834e-07,1.69961802609932e-07,NA,TRUE,1,0,100.999965667725,100.999965667725,6,0
"poisson","lambda_1",100,2,"A",1,"observed",TRUE,NA,9.73137057557398e-08,9.73136962168848e-08,4.86568493135029e-08,NA,TRUE,1,0,98.0000095367432,98.0000095367432,3,0
"poisson","lambda_1",100,2,"B",1,"observed",TRUE,NA,4.72334582744164e-06,4.723368137588e-06,2.36168127998323e-06,NA,TRUE,1,0,97.9995371121089,97.9995371121089,3,0
"poisson","lambda_1",100,2,"C_richardson",1,"observed",TRUE,NA,5.90369814966491e-07,5.90369466394413e-07,2.95184776807283e-07,NA,TRUE,1,0,98.0000578562419,98.0000578562419,6,0
"poisson","lambda_1",100,3,"A",1,"observed",TRUE,NA,2.87408698095034e-07,2.87408780659887e-07,1.43704380053425e-07,NA,TRUE,1,0,72.999979019165,72.999979019165,3,0
"poisson","lambda_1",100,3,"B",1,"observed",TRUE,NA,0.000107434146088994,0.000107445689424958,5.37214017179185e-05,NA,TRUE,1,0,72.9921573073355,72.9921573073355,3,0
"poisson","lambda_1",100,3,"C_richardson",1,"observed",TRUE,NA,2.48216602900257e-06,2.48217219003411e-06,1.24108532481665e-06,NA,TRUE,1,0,72.9998188018799,72.9998188018799,6,0
"poisson","lambda_1",1000,1,"A",1,"observed",TRUE,NA,2.14239563604798e-06,2.14240022568489e-06,1.07119953913357e-06,NA,TRUE,1,0,989.99787902832,989.99787902832,3,0.001
"poisson","lambda_1",1000,1,"B",1,"observed",TRUE,NA,0.000608775836310037,0.00060914667008378,0.00030452696670518,NA,TRUE,1,0,989.397311922053,989.397311922053,3,0
"poisson","lambda_1",1000,1,"C_richardson",1,"observed",TRUE,NA,5.53323764993687e-06,5.53326826697798e-06,2.76663030636617e-06,NA,TRUE,1,0,989.994522094727,989.994522094727,6,0.001
"poisson","lambda_1",1000,2,"A",1,"observed",TRUE,NA,1.94793051861702e-06,1.9479343130202e-06,9.73966682172238e-07,NA,TRUE,1,0,1033.99798583984,1033.99798583984,3,0
"poisson","lambda_1",1000,2,"B",1,"observed",TRUE,NA,0.00062410122458234,0.000624490970161774,0.000312196751674933,NA,TRUE,1,0,1033.35467933378,1033.35467933378,3,0
"poisson","lambda_1",1000,2,"C_richardson",1,"observed",TRUE,NA,1.01331739100507e-05,1.01332765925221e-05,5.0666254610152e-06,NA,TRUE,1,0,1033.98952229818,1033.98952229818,6,0
"poisson","lambda_1",1000,3,"A",1,"observed",TRUE,NA,4.81349812697161e-08,4.81349834283177e-08,2.40674913925784e-08,NA,TRUE,1,0,950.999954223633,950.999954223633,3,0
"poisson","lambda_1",1000,3,"B",1,"observed",TRUE,NA,0.000395582470391133,0.000395739017809563,0.000197849936606087,NA,TRUE,1,0,950.623801070658,950.623801070658,3,0.00099999999999989
"poisson","lambda_1",1000,3,"C_richardson",1,"observed",TRUE,NA,2.72764893861724e-07,2.72764819182816e-07,1.36382418823308e-07,NA,TRUE,1,0,951.000259399414,951.000259399414,6,0
"poisson","lambda_1",10000,1,"A",1,"observed",TRUE,NA,1.03183506858626e-05,1.03184571553955e-05,5.15921526897191e-06,NA,TRUE,1,0,10114.8956298828,10114.8956298828,3,0.00100000000000011
"poisson","lambda_1",10000,1,"B",1,"observed",TRUE,NA,0.00438253101159257,0.00440182213360058,0.00219849437803512,NA,TRUE,1,0,10070.6706988177,10070.6706988177,3,0.00100000000000011
"poisson","lambda_1",10000,1,"C_richardson",1,"observed",TRUE,NA,8.84723144772615e-05,8.84801425203745e-05,4.4239092711451e-05,NA,TRUE,1,0,10114.1051025391,10114.1051025391,6,0.002
"poisson","lambda_1",10000,2,"A",1,"observed",TRUE,NA,2.24276793600942e-05,2.24271763704985e-05,1.12136510582815e-05,NA,TRUE,1,0,10189.228515625,10189.228515625,3,0.00099999999999989
"poisson","lambda_1",10000,2,"B",1,"observed",TRUE,NA,0.0194483053836392,0.0190772845282435,0.00958457429634282,NA,TRUE,1,0,10387.1587835539,10387.1587835539,3,0.00100000000000011
"poisson","lambda_1",10000,2,"C_richardson",1,"observed",TRUE,NA,0.000152265412863486,0.00015224223163714,7.61240132513028e-05,NA,TRUE,1,0,10190.5514322917,10190.5514322917,6,0.002
"poisson","lambda_1",10000,3,"A",1,"observed",TRUE,NA,7.2855606729598e-06,7.28550759389609e-06,3.64276043172976e-06,NA,TRUE,1,0,9852.07177734375,9852.07177734375,3,0.00099999999999989
"poisson","lambda_1",10000,3,"B",1,"observed",TRUE,NA,0.00219469502882097,0.0021995223094993,0.00109915708160471,NA,TRUE,1,0,9830.37786457606,9830.37786457606,3,0.00099999999999989
"poisson","lambda_1",10000,3,"C_richardson",1,"observed",TRUE,NA,2.82996948589119e-05,2.82988940086517e-05,1.41495471090274e-05,NA,TRUE,1,0,9852.27880859375,9852.27880859375,6,0.002
"poisson","lambda_pequeno",100,1,"A",1,"observed",TRUE,NA,1.91161465989964e-07,1.91161429540605e-07,9.55807193808722e-08,NA,TRUE,1,0,4.00000076464586,4.00000076464586,3,0.00099999999999989
"poisson","lambda_pequeno",100,1,"B",1,"observed",TRUE,NA,4.7879795168182e-05,4.78775028029863e-05,2.39390379403251e-05,NA,TRUE,1,0,4.00019151918067,4.00019151918067,3,0
"poisson","lambda_pequeno",100,1,"C_richardson",1,"observed",TRUE,NA,6.89728720359994e-07,6.89728244678868e-07,3.44864181829607e-07,NA,TRUE,1,0,4.00000275891488,4.00000275891488,6,0
"poisson","lambda_pequeno",100,2,"A",1,"observed",TRUE,NA,1.79656067800238e-07,1.79656035599433e-07,8.98280217570546e-08,NA,TRUE,1,0,4.00000071862427,4.00000071862427,3,0.00099999999999989
"poisson","lambda_pequeno",100,2,"B",1,"observed",TRUE,NA,4.55420439775533e-05,4.55399699943399e-05,2.27702442390926e-05,NA,TRUE,1,0,4.00018216817591,4.00018216817591,3,0
"poisson","lambda_pequeno",100,2,"C_richardson",1,"observed",TRUE,NA,6.93563853237933e-07,6.9356337242376e-07,3.46781746374258e-07,NA,TRUE,1,0,4.00000277425541,4.00000277425541,6,0
"poisson","lambda_pequeno",100,3,"A",1,"observed",TRUE,NA,3.83299173734031e-08,3.83299188829594e-08,1.91649592421215e-08,NA,TRUE,1,0,9.99999961670083,9.99999961670083,3,0
"poisson","lambda_pequeno",100,3,"B",1,"observed",TRUE,NA,7.56380825999159e-05,7.56438041525555e-05,3.78211868552702e-05,NA,TRUE,1,0,9.999243619174,9.999243619174,3,0
"poisson","lambda_pequeno",100,3,"C_richardson",1,"observed",TRUE,NA,1.16554113969158e-06,1.16554249823646e-06,5.82771079460234e-07,NA,TRUE,1,0,9.9999883445886,9.9999883445886,6,0
"poisson","lambda_pequeno",1000,1,"A",1,"observed",TRUE,NA,1.40788576450571e-06,1.40788774689755e-06,7.03943625736788e-07,NA,TRUE,1,0,48.9999310135975,48.9999310135975,3,0
"poisson","lambda_pequeno",1000,1,"B",1,"observed",TRUE,NA,4.32394374998968e-06,4.32396244651559e-06,2.16197888621963e-06,NA,TRUE,1,0,48.9997881267563,48.9997881267563,3,0
"poisson","lambda_pequeno",1000,1,"C_richardson",1,"observed",TRUE,NA,6.35495384801511e-06,6.35499423372298e-06,3.17749206869337e-06,NA,TRUE,1,0,48.9996886072614,48.9996886072614,6,0
"poisson","lambda_pequeno",1000,2,"A",1,"observed",TRUE,NA,5.9721577417683e-07,5.97215417172067e-07,2.98607753154206e-07,NA,TRUE,1,0,47.0000280691414,47.0000280691414,3,0
"poisson","lambda_pequeno",1000,2,"B",1,"observed",TRUE,NA,0.000247552239416181,0.000247490972471434,0.000123753143655985,NA,TRUE,1,0,47.0116349552526,47.0116349552526,3,0
"poisson","lambda_pequeno",1000,2,"C_richardson",1,"observed",TRUE,NA,1.77791045893115e-06,1.77790729781504e-06,8.88954044025334e-07,NA,TRUE,1,0,47.0000835617916,47.0000835617916,6,0
"poisson","lambda_pequeno",1000,3,"A",1,"observed",TRUE,NA,2.0662577223821e-07,2.06625814755126e-07,1.03312901970864e-07,NA,TRUE,1,0,41.9999913217176,41.9999913217176,3,0
"poisson","lambda_pequeno",1000,3,"B",1,"observed",TRUE,NA,0.000282809150185076,0.000282889153826359,0.00014143457504368,NA,TRUE,1,0,41.9881220156922,41.9881220156922,3,0.00099999999999989
"poisson","lambda_pequeno",1000,3,"C_richardson",1,"observed",TRUE,NA,2.15881783831373e-06,2.15882249853018e-06,1.07941066664172e-06,NA,TRUE,1,0,41.9999093296508,41.9999093296508,6,0
"poisson","lambda_pequeno",10000,1,"A",1,"observed",TRUE,NA,1.30001976719067e-05,1.30003666791889e-05,6.50016221362053e-06,NA,TRUE,1,0,513.993317898397,513.993317898397,3,0
"poisson","lambda_pequeno",10000,1,"B",1,"observed",TRUE,NA,0.0011836390830857,0.00118223973792627,0.0005912946836646,NA,TRUE,1,0,514.608390488706,514.608390488706,3,0
"poisson","lambda_pequeno",10000,1,"C_richardson",1,"observed",TRUE,NA,1.90796158329422e-05,1.90792518081017e-05,9.53967140674203e-06,NA,TRUE,1,0,514.009806922538,514.009806922538,6,0
"poisson","lambda_pequeno",10000,2,"A",1,"observed",TRUE,NA,7.22354531412739e-06,7.22359749398758e-06,3.61179222445636e-06,NA,TRUE,1,0,496.996409897979,496.996409897979,3,0
"poisson","lambda_pequeno",10000,2,"B",1,"observed",TRUE,NA,0.0021243861528117,0.00212890877713842,0.00106388845924231,NA,TRUE,1,0,495.944180082053,495.944180082053,3,0
"poisson","lambda_pequeno",10000,2,"C_richardson",1,"observed",TRUE,NA,5.67434471025408e-06,5.67437690851563e-06,2.83718442934141e-06,NA,TRUE,1,0,496.997179850679,496.997179850679,6,0
"poisson","lambda_pequeno",10000,3,"A",1,"observed",TRUE,NA,2.27822404586664e-06,2.27821885565079e-06,1.13911007663813e-06,NA,TRUE,1,0,508.001157337815,508.001157337815,3,0.00099999999999989
"poisson","lambda_pequeno",10000,3,"B",1,"observed",TRUE,NA,0.00220791525045642,0.00220305110033445,0.00110213289863051,NA,TRUE,1,0,509.121620947232,509.121620947232,3,0
"poisson","lambda_pequeno",10000,3,"C_richardson",1,"observed",TRUE,NA,5.30459570399884e-05,5.30431433155427e-05,2.65219233640591e-05,NA,TRUE,1,0,508.026947346176,508.026947346176,6,0.00099999999999989
"poisson","lambda_grande",100,1,"A",1,"observed",TRUE,NA,5.54862995377839e-08,5.54862965088877e-08,2.77431487277025e-08,NA,TRUE,1,0,79774.0044263641,79774.0044263641,3,0
"poisson","lambda_grande",100,1,"B",1,"observed",TRUE,NA,1.54147219122e-08,1.54147218106609e-08,7.7073608728134e-09,NA,TRUE,1,0,79774.001229694,79774.001229694,3,0
"poisson","lambda_grande",100,1,"C_richardson",1,"observed",TRUE,NA,1.69594003988793e-10,1.69593713444204e-10,8.47968306422087e-11,NA,TRUE,1,0,79774.0000135292,79774.0000135292,6,0
"poisson","lambda_grande",100,2,"A",1,"observed",TRUE,NA,5.5446556588537e-08,5.54465535229374e-08,2.77232771551616e-08,NA,TRUE,1,0,79797.0044244689,79797.0044244689,3,0
"poisson","lambda_grande",100,2,"B",1,"observed",TRUE,NA,1.44492671194458e-08,1.44492665705799e-08,7.22463339770891e-09,NA,TRUE,1,0,79797.0011530082,79797.0011530082,3,0
"poisson","lambda_grande",100,2,"C_richardson",1,"observed",TRUE,NA,1.03457247709085e-10,1.03457308971213e-10,5.17287798837411e-11,NA,TRUE,1,0,79797.0000082556,79797.0000082556,6,0
"poisson","lambda_grande",100,3,"A",1,"observed",TRUE,NA,5.54928624860716e-08,5.54928595076574e-08,2.77464300896434e-08,NA,TRUE,1,0,80148.0044476419,80148.0044476419,3,0
"poisson","lambda_grande",100,3,"B",1,"observed",TRUE,NA,1.19783013170297e-08,1.1978300990429e-08,5.98915049632195e-09,NA,TRUE,1,0,80147.9990399631,80147.9990399631,3,0
"poisson","lambda_grande",100,3,"C_richardson",1,"observed",TRUE,NA,7.91956230926646e-11,7.91955766380564e-11,3.95978608750366e-11,NA,TRUE,1,0,80147.9999936526,80147.9999936526,6,0
"poisson","lambda_grande",1000,1,"A",1,"observed",TRUE,NA,5.54611931128724e-08,5.54611898203517e-08,2.77305953893011e-08,NA,TRUE,1,0,799478.044340004,799478.044340004,3,0
"poisson","lambda_grande",1000,1,"B",1,"observed",TRUE,NA,1.39181036535905e-08,1.39181039688953e-08,6.95905188996759e-09,NA,TRUE,1,0,799477.988872782,799477.988872782,3,0
"poisson","lambda_grande",1000,1,"C_richardson",1,"observed",TRUE,NA,2.49857599257235e-10,2.49857741529669e-10,1.24928865580386e-10,NA,TRUE,1,0,799477.999800244,799477.999800244,6,0.00100000000000011
"poisson","lambda_grande",1000,2,"A",1,"observed",TRUE,NA,5.54234091175233e-08,5.54234060495985e-08,2.77117034135142e-08,NA,TRUE,1,0,798558.044258807,798558.044258807,3,0.00099999999999989
"poisson","lambda_grande",1000,2,"B",1,"observed",TRUE,NA,1.6269641628169e-08,1.62696420662444e-08,8.13482108255116e-09,NA,TRUE,1,0,798557.987007748,798557.987007748,3,0
"poisson","lambda_grande",1000,2,"C_richardson",1,"observed",TRUE,NA,9.01661201189634e-13,9.01877729700709e-13,4.50862345067243e-13,NA,TRUE,1,0,798558.00000072,798558.00000072,6,0
"poisson","lambda_grande",1000,3,"A",1,"observed",TRUE,NA,5.5434837959837e-08,5.54348348664122e-08,2.77174177373722e-08,NA,TRUE,1,0,798680.044274696,798680.044274696,3,0.00100000000000011
"poisson","lambda_grande",1000,3,"B",1,"observed",TRUE,NA,2.79511819023303e-08,2.7951182572581e-08,1.39755912526969e-08,NA,TRUE,1,0,798679.97767595,798679.97767595,3,0
"poisson","lambda_grande",1000,3,"C_richardson",1,"observed",TRUE,NA,1.648556282109e-11,1.64857026379082e-11,8.24285847251739e-12,NA,TRUE,1,0,798680.000013167,798680.000013167,6,0
"poisson","lambda_grande",10000,1,"A",1,"observed",TRUE,NA,5.50982316394138e-08,5.50982285501498e-08,2.7549114548547e-08,NA,TRUE,1,0,8000974.44083952,8000974.44083952,3,0.002
"poisson","lambda_grande",10000,1,"B",1,"observed",TRUE,NA,2.2966149418781e-07,2.29661546918502e-07,1.14830766962047e-07,NA,TRUE,1,0,8000972.16248436,8000972.16248436,3,0.002
"poisson","lambda_grande",10000,1,"C_richardson",1,"observed",TRUE,NA,2.54026047574184e-09,2.54026038766436e-09,1.27013022991249e-09,NA,TRUE,1,0,8000973.97967544,8000973.97967544,6,0.004
"poisson","lambda_grande",10000,2,"A",1,"observed",TRUE,NA,5.62503702249523e-08,5.62503672697594e-08,2.81251840119883e-08,NA,TRUE,1,0,8000005.45000324,8000005.45000324,3,0.002
"poisson","lambda_grande",10000,2,"B",1,"observed",TRUE,NA,2.02155069178929e-07,2.0215502824837e-07,1.01077519177553e-07,NA,TRUE,1,0,8000006.61724156,8000006.61724156,3,0.002
"poisson","lambda_grande",10000,2,"C_richardson",1,"observed",TRUE,NA,3.51832179715318e-09,3.51832162777233e-09,1.75916067646683e-09,NA,TRUE,1,0,8000005.02814659,8000005.02814659,6,0.00300000000000011
"poisson","lambda_grande",10000,3,"A",1,"observed",TRUE,NA,5.53571901159701e-08,5.53571871173167e-08,2.76785939310945e-08,NA,TRUE,1,0,8000796.44290159,8000796.44290159,3,0.002
"poisson","lambda_grande",10000,3,"B",1,"observed",TRUE,NA,6.26110791234645e-08,6.26110832679934e-08,3.13055411958749e-08,NA,TRUE,1,0,8000795.49906153,8000795.49906153,3,0.002
"poisson","lambda_grande",10000,3,"C_richardson",1,"observed",TRUE,NA,1.33968935924641e-09,1.33968922468256e-09,6.6984466093889e-10,NA,TRUE,1,0,8000795.98928142,8000795.98928142,6,0.00300000000000011
"geometric","p_media",100,1,"A",1,"observed",TRUE,NA,1.04550962021221e-07,1.04550951005177e-07,5.22754768429051e-08,NA,TRUE,1,0,51.9230823516846,51.9230823516846,3,0.00099999999999989
"geometric","p_media",100,1,"B",1,"observed",TRUE,NA,5.92178592092367e-05,5.92143526618283e-05,2.96076146362359e-05,NA,TRUE,1,0,51.9261516965359,51.9261516965359,3,0.00099999999999989
"geometric","p_media",100,1,"C_richardson",1,"observed",TRUE,NA,8.39233398363814e-07,8.39232693726149e-07,4.19616434889554e-07,NA,TRUE,1,0,51.9231204986572,51.9231204986572,6,0
"geometric","p_media",100,2,"A",1,"observed",TRUE,NA,1.18465598622899e-07,1.18465584794589e-07,5.92327941615738e-08,NA,TRUE,1,0,52.1531162261963,52.1531162261963,3,0
"geometric","p_media",100,2,"B",1,"observed",TRUE,NA,0.000121683976755458,0.000121669171566981,6.0836436319475e-05,NA,TRUE,1,0,52.1594562456777,52.1594562456777,3,0
"geometric","p_media",100,2,"C_richardson",1,"observed",TRUE,NA,5.15450760396098e-07,5.1545102564986e-07,2.5772547977643e-07,NA,TRUE,1,0,52.1530831654867,52.1530831654867,6,0
"geometric","p_media",100,3,"A",1,"observed",TRUE,NA,3.42589158346567e-07,3.42589040946571e-07,1.71294535141415e-07,NA,TRUE,1,0,50.9804096221924,50.9804096221924,3,0
"geometric","p_media",100,3,"B",1,"observed",TRUE,NA,7.87609327241157e-05,7.87547299281353e-05,3.93781402830244e-05,NA,TRUE,1,0,50.9844074200997,50.9844074200997,3,0.00100000000000011
"geometric","p_media",100,3,"C_richardson",1,"observed",TRUE,NA,1.09085669891147e-06,1.09085550884846e-06,5.45427903117989e-07,NA,TRUE,1,0,50.980447769165,50.980447769165,6,0
"geometric","p_media",1000,1,"A",1,"observed",TRUE,NA,1.42722906073866e-06,1.42722702376493e-06,7.13613766535529e-07,NA,TRUE,1,0,507.874740600586,507.874740600586,3,0
"geometric","p_media",1000,1,"B",1,"observed",TRUE,NA,0.00127939871143304,0.00128103766937658,0.000640313833785477,NA,TRUE,1,0,507.224242386713,507.224242386713,3,0
"geometric","p_media",1000,1,"C_richardson",1,"observed",TRUE,NA,1.69599666151334e-05,1.6960254260302e-05,8.48009117409415e-06,NA,TRUE,1,0,507.86540222168,507.86540222168,6,0
"geometric","p_media",1000,2,"A",1,"observed",TRUE,NA,2.70143315685321e-07,2.701432427835e-07,1.35071630592654e-07,NA,TRUE,1,0,499.249008178711,499.249008178711,3,0
"geometric","p_media",1000,2,"B",1,"observed",TRUE,NA,0.00148810578866774,0.00149032354776616,0.000744884347537375,NA,TRUE,1,0,498.505938171607,498.505938171607,3,0
"geometric","p_media",1000,2,"C_richardson",1,"observed",TRUE,NA,2.46019532389349e-06,2.460201376265e-06,1.23009993146377e-06,NA,TRUE,1,0,499.247645060221,499.247645060221,6,0
"geometric","p_media",1000,3,"A",1,"observed",TRUE,NA,6.41820764021624e-06,6.41816644719566e-06,3.20908837274693e-06,NA,TRUE,1,0,481.868377685547,481.868377685547,3,0.00099999999999989
"geometric","p_media",1000,3,"B",1,"observed",TRUE,NA,0.00134649200977477,0.00134468140700472,0.000672566876604038,NA,TRUE,1,0,482.514112730099,482.514112730099,3,0
"geometric","p_media",1000,3,"C_richardson",1,"observed",TRUE,NA,3.9693634142251e-06,3.96934765821504e-06,1.98467579845401e-06,NA,TRUE,1,0,481.867197672526,481.867197672526,6,0.00099999999999989
"geometric","p_media",10000,1,"A",1,"observed",TRUE,NA,5.2035970823389e-05,5.20386787061798e-05,2.60190008589499e-05,NA,TRUE,1,0,5031.53466796875,5031.53466796875,3,0.00100000000000011
"geometric","p_media",10000,1,"B",1,"observed",TRUE,NA,0.0139465277050416,0.0141437843858327,0.0070470616539392,NA,TRUE,1,0,4961.6204130581,4961.6204130581,3,0.00100000000000011
"geometric","p_media",10000,1,"C_richardson",1,"observed",TRUE,NA,0.000255430026905538,0.000255495288073713,0.00012773948534879,NA,TRUE,1,0,5030.51123046875,5030.51123046875,6,0.00100000000000011
"geometric","p_media",10000,2,"A",1,"observed",TRUE,NA,3.13894589390196e-05,3.13884736718778e-05,1.56943599924111e-05,NA,TRUE,1,0,4994.40014648438,4994.40014648438,3,0.00100000000000011
"geometric","p_media",10000,2,"B",1,"observed",TRUE,NA,0.000669087988050207,0.000668640608650651,0.000334376208049607,NA,TRUE,1,0,4997.58496814175,4997.58496814175,3,0.00100000000000011
"geometric","p_media",10000,2,"C_richardson",1,"observed",TRUE,NA,2.84563945315073e-05,2.84555847883095e-05,1.42278936105707e-05,NA,TRUE,1,0,4994.38549804688,4994.38549804688,6,0.00100000000000011
"geometric","p_media",10000,3,"A",1,"observed",TRUE,NA,3.03558807833556e-05,3.03568022908925e-05,1.51782859552711e-05,NA,TRUE,1,0,4997.34704589844,4997.34704589844,3,0.00100000000000011
"geometric","p_media",10000,3,"B",1,"observed",TRUE,NA,0.0152691297558512,0.0155058912208833,0.00772312230140049,NA,TRUE,1,0,4921.19129251578,4921.19129251578,3,0
"geometric","p_media",10000,3,"C_richardson",1,"observed",TRUE,NA,5.97651240109582e-05,5.97686960944283e-05,2.98839015234402e-05,NA,TRUE,1,0,4997.20007324219,4997.20007324219,6,0.00100000000000011
"geometric","p_pequena",100,1,"A",1,"observed",TRUE,NA,3.35215555216661e-08,3.35215546609811e-08,1.67607775489457e-08,NA,TRUE,1,0,98.9279621498383,98.9279621498383,3,0
"geometric","p_pequena",100,1,"B",1,"observed",TRUE,NA,6.62886187764216e-07,6.6288574832512e-07,3.31442929096258e-07,NA,TRUE,1,0,98.9280244115967,98.9280244115967,3,0
"geometric","p_pequena",100,1,"C_richardson",1,"observed",TRUE,NA,2.17241347998718e-08,2.17241349052727e-08,1.08620672850587e-08,NA,TRUE,1,0,98.9279566844949,98.9279566844949,6,0
"geometric","p_pequena",100,2,"A",1,"observed",TRUE,NA,2.80133904257933e-08,2.80133896772221e-08,1.40066948995314e-08,NA,TRUE,1,0,99.0333522184358,99.0333522184358,3,0.00100000000000011
"geometric","p_pequena",100,2,"B",1,"observed",TRUE,NA,2.57547248559055e-06,2.57547911817089e-06,1.28773872995955e-06,NA,TRUE,1,0,99.0330943865093,99.0330943865093,3,0
"geometric","p_pequena",100,2,"C_richardson",1,"observed",TRUE,NA,8.84160162672321e-09,8.84160185699857e-09,4.42080096460709e-09,NA,TRUE,1,0,99.0333503197894,99.0333503197894,6,0
"geometric","p_pequena",100,3,"A",1,"observed",TRUE,NA,2.96206979873725e-08,2.96206972530782e-08,1.48103486499718e-08,NA,TRUE,1,0,98.9553983139755,98.9553983139755,3,0
"geometric","p_pequena",100,3,"B",1,"observed",TRUE,NA,4.26118673331938e-06,4.26116857544332e-06,2.13058655742053e-06,NA,TRUE,1,0,98.9558170502656,98.9558170502656,3,0
"geometric","p_pequena",100,3,"C_richardson",1,"observed",TRUE,NA,7.92536141943628e-08,7.92536078930662e-08,3.96268047286646e-08,NA,TRUE,1,0,98.9554032254203,98.9554032254203,6,0
"geometric","p_pequena",1000,1,"A",1,"observed",TRUE,NA,2.12442359321104e-08,2.12442362839309e-08,1.06221181078064e-08,NA,TRUE,1,0,990.159977390407,990.159977390407,3,0
"geometric","p_pequena",1000,1,"B",1,"observed",TRUE,NA,3.54185932011599e-05,3.54198477222878e-05,1.7709767043132e-05,NA,TRUE,1,0,990.124928351411,990.124928351411,3,0
"geometric","p_pequena",1000,1,"C_richardson",1,"observed",TRUE,NA,4.61850503427572e-07,4.61850716786709e-07,2.30925331769328e-07,NA,TRUE,1,0,990.159541119706,990.159541119706,6,0.00099999999999989
"geometric","p_pequena",1000,2,"A",1,"observed",TRUE,NA,1.25563886252574e-08,1.25563886611777e-08,6.27819421795857e-09,NA,TRUE,1,0,989.616012093715,989.616012093715,3,0
"geometric","p_pequena",1000,2,"B",1,"observed",TRUE,NA,2.56334871991549e-05,2.56341442914184e-05,1.28169900081439e-05,NA,TRUE,1,0,989.590632358652,989.590632358652,3,0
"geometric","p_pequena",1000,2,"C_richardson",1,"observed",TRUE,NA,1.22080252178173e-07,1.22080266701283e-07,6.10401316111342e-08,NA,TRUE,1,0,989.615878855141,989.615878855141,6,0
"geometric","p_pequena",1000,3,"A",1,"observed",TRUE,NA,1.593452498479e-08,1.59345249905217e-08,7.9672624521346e-09,NA,TRUE,1,0,988.832695801695,988.832695801695,3,0
"geometric","p_pequena",1000,3,"B",1,"observed",TRUE,NA,8.80698014846814e-06,8.80705771191732e-06,4.40351916058872e-06,NA,TRUE,1,0,988.823971415333,988.823971415333,3,0
"geometric","p_pequena",1000,3,"C_richardson",1,"observed",TRUE,NA,7.74638717776191e-09,7.74638733908164e-09,3.87319360897477e-09,NA,TRUE,1,0,988.832687704997,988.832687704997,6,0
"geometric","p_pequena",10000,1,"A",1,"observed",TRUE,NA,4.44618948516964e-07,4.4461914623215e-07,2.22309548302436e-07,NA,TRUE,1,0,9901.19571985546,9901.19571985546,3,0
"geometric","p_pequena",10000,1,"B",1,"observed",TRUE,NA,0.000154736343491817,0.000154760290533623,7.73771516549287e-05,NA,TRUE,1,0,9899.66804661357,9899.66804661357,3,0
"geometric","p_pequena",10000,1,"C_richardson",1,"observed",TRUE,NA,1.99961350531976e-06,1.99961750367892e-06,9.99808251937066e-07,NA,TRUE,1,0,9901.18032354317,9901.18032354317,6,0.00099999999999989
"geometric","p_pequena",10000,2,"A",1,"observed",TRUE,NA,1.81293100490961e-07,1.81293133095385e-07,9.06465624354084e-08,NA,TRUE,1,0,9900.92719390124,9900.92719390124,3,0
"geometric","p_pequena",10000,2,"B",1,"observed",TRUE,NA,7.43291728950504e-05,7.43346981317231e-05,3.71666583856649e-05,NA,TRUE,1,0,9900.19306100872,9900.19306100872,3,0.00099999999999989
"geometric","p_pequena",10000,2,"C_richardson",1,"observed",TRUE,NA,4.32785848448627e-07,4.32785661020235e-07,2.16392853835298e-07,NA,TRUE,1,0,9900.93327385331,9900.93327385331,6,0.00099999999999989
"geometric","p_pequena",10000,3,"A",1,"observed",TRUE,NA,1.38313779200886e-07,1.38313798404681e-07,6.91568968616358e-08,NA,TRUE,1,0,9900.04171211953,9900.04171211953,3,0
"geometric","p_pequena",10000,3,"B",1,"observed",TRUE,NA,0.000101078958313217,0.000101089176301925,5.05433108379228e-05,NA,TRUE,1,0,9899.04239538998,9899.04239538998,3,0
"geometric","p_pequena",10000,3,"C_richardson",1,"observed",TRUE,NA,2.91274170348155e-06,2.91275018781039e-06,1.45637403350918e-06,NA,TRUE,1,0,9900.01424516355,9900.01424516355,6,0.00099999999999989
"geometric","p_grande",100,1,"A",1,"observed",TRUE,NA,6.55281788031202e-08,6.55281827655756e-08,3.27640908738223e-08,NA,TRUE,1,0,7.4074069220135,7.4074069220135,3,0
"geometric","p_grande",100,1,"B",1,"observed",TRUE,NA,6.2754207073361e-05,6.27581454105393e-05,3.1378580397664e-05,NA,TRUE,1,0,7.4069425614291,7.4069425614291,3,0.00099999999999989
"geometric","p_grande",100,1,"C_richardson",1,"observed",TRUE,NA,7.11346638233578e-07,7.1134714412016e-07,3.55673508827756e-07,NA,TRUE,1,0,7.40740213817306,7.40740213817306,6,0
"geometric","p_grande",100,2,"A",1,"observed",TRUE,NA,2.00822743572359e-07,2.00822703223267e-07,1.00411356696344e-07,NA,TRUE,1,0,5.66037849522309,5.66037849522309,3,0
"geometric","p_grande",100,2,"B",1,"observed",TRUE,NA,0.000179778094433003,0.000179745780079137,8.98769289706925e-05,NA,TRUE,1,0,5.66139497034586,5.66139497034586,3,0
"geometric","p_grande",100,2,"C_richardson",1,"observed",TRUE,NA,1.28639466808818e-06,1.28639301307656e-06,6.43196713433279e-07,NA,TRUE,1,0,5.66038463996983,5.66038463996983,6,0
"geometric","p_grande",100,3,"A",1,"observed",TRUE,NA,3.17689943346419e-07,3.17689842357515e-07,1.58844933723942e-07,NA,TRUE,1,0,6.54205815311178,6.54205815311178,3,0
"geometric","p_grande",100,3,"B",1,"observed",TRUE,NA,0.000160512730203661,0.000160486970001894,8.02467047677469e-05,NA,TRUE,1,0,6.54310615804806,6.54310615804806,3,0
"geometric","p_grande",100,3,"C_richardson",1,"observed",TRUE,NA,9.56726795678772e-07,9.56725880475798e-07,4.78363054656054e-07,NA,TRUE,1,0,6.5420623337267,6.5420623337267,6,0
"geometric","p_grande",1000,1,"A",1,"observed",TRUE,NA,1.25878896710513e-06,1.25879055166832e-06,6.29395077781873e-07,NA,TRUE,1,0,58.3803408239963,58.3803408239963,3,0
"geometric","p_grande",1000,1,"B",1,"observed",TRUE,NA,0.000210067410879899,0.000210111548468864,0.000105050256456302,NA,TRUE,1,0,58.368150490137,58.368150490137,3,0
"geometric","p_grande",1000,1,"C_richardson",1,"observed",TRUE,NA,4.31242568602752e-06,4.31244428313729e-06,2.1562198170245e-06,NA,TRUE,1,0,58.3801625514195,58.3801625514195,6,0
"geometric","p_grande",1000,2,"A",1,"observed",TRUE,NA,1.20341692798271e-07,1.20341707367902e-07,6.01708518724564e-08,NA,TRUE,1,0,33.816421051247,33.816421051247,3,0
"geometric","p_grande",1000,2,"B",1,"observed",TRUE,NA,5.20919087012056e-05,5.20946224097843e-05,2.60469719824852e-05,NA,TRUE,1,0,33.8146635586429,33.8146635586429,3,0
"geometric","p_grande",1000,2,"C_richardson",1,"observed",TRUE,NA,9.37883326932773e-08,9.37883235590093e-08,4.68941628570993e-08,NA,TRUE,1,0,33.816428292359,33.816428292359,6,0
"geometric","p_grande",1000,3,"A",1,"observed",TRUE,NA,6.19963763082243e-07,6.19964146961473e-07,3.099820253537e-07,NA,TRUE,1,0,39.3851821147796,39.3851821147796,3,0
"geometric","p_grande",1000,3,"B",1,"observed",TRUE,NA,0.000217795800072855,0.000217748375391325,0.000108880115135453,NA,TRUE,1,0,39.3937844647482,39.3937844647482,3,0
"geometric","p_grande",1000,3,"C_richardson",1,"observed",TRUE,NA,4.62247766745767e-07,4.62247553541691e-07,2.31123803515407e-07,NA,TRUE,1,0,39.3852247379042,39.3852247379042,6,0
"geometric","p_grande",10000,1,"A",1,"observed",TRUE,NA,1.19715577200595e-06,1.19715720479434e-06,5.98578423229748e-07,NA,TRUE,1,0,487.061821781054,487.061821781054,3,0
"geometric","p_grande",10000,1,"B",1,"observed",TRUE,NA,0.00162392016604338,0.00162128732486186,0.000810972500629313,NA,TRUE,1,0,487.853355332014,487.853355332014,3,0
"geometric","p_grande",10000,1,"C_richardson",1,"observed",TRUE,NA,6.97808417370385e-05,6.97759727110043e-05,3.48885949624906e-05,NA,TRUE,1,0,487.096392495213,487.096392495213,6,0
"geometric","p_grande",10000,2,"A",1,"observed",TRUE,NA,7.25435120970809e-07,7.25435646761278e-07,3.62717757618219e-07,NA,TRUE,1,0,487.062051538448,487.062051538448,3,0
"geometric","p_grande",10000,2,"B",1,"observed",TRUE,NA,0.0017349016691642,0.00173189699817122,0.000866323757512121,NA,TRUE,1,0,487.90741024982,487.90741024982,3,0
"geometric","p_grande",10000,2,"C_richardson",1,"observed",TRUE,NA,6.86210473545859e-05,6.86163388296357e-05,3.43087579603924e-05,NA,TRUE,1,0,487.095827602972,487.095827602972,6,0.00099999999999989
"geometric","p_grande",10000,3,"A",1,"observed",TRUE,NA,2.14465120676145e-05,2.14460521245094e-05,1.07230835546239e-05,NA,TRUE,1,0,510.544257186841,510.544257186841,3,0
"geometric","p_grande",10000,3,"B",1,"observed",TRUE,NA,0.000202659473546051,0.000202618411005451,0.000101314337800321,NA,TRUE,1,0,510.636772439522,510.636772439522,3,0.00099999999999989
"geometric","p_grande",10000,3,"C_richardson",1,"observed",TRUE,NA,4.03805452227573e-05,4.0378914700289e-05,2.01896611613686e-05,NA,TRUE,1,0,510.553923641422,510.553923641422,6,0.00099999999999989
"normal","mu_pos",100,1,"A",2,"observed",TRUE,NA,4.64364938316116e-08,4.64362980610264e-08,2.32181492722285e-08,3.33921017250406e-09,TRUE,0.00264794182469167,0,0.529588389666765,200.00000928726,9,0.00099999999999989
"normal","mu_pos",100,1,"B",2,"observed",TRUE,NA,2.40561795758586e-06,2.40413375220088e-06,1.20206759858488e-06,1.55082010228028e-06,TRUE,0.00264793456480121,0,0.529588249466682,200.000480828177,9,0
"normal","mu_pos",100,1,"C_richardson",2,"observed",TRUE,NA,5.42636666017638e-09,5.41473928064405e-09,2.70736965835761e-09,6.51941068122294e-09,TRUE,0.0026479419587453,0,0.529588389147601,199.999998917052,18,0.00099999999999989
"normal","mu_pos",100,2,"A",2,"observed",TRUE,NA,5.05828514488206e-08,5.05829425877065e-08,2.5291471684272e-08,0,TRUE,0.00193995402919322,0,0.387990825464363,200.000010116589,9,0
"normal","mu_pos",100,2,"B",2,"observed",TRUE,NA,7.93852178516294e-07,3.16462131070974e-06,1.58231190718544e-06,2.63002100312117e-06,TRUE,0.00193995847779255,0,0.387992050899503,200.000157744842,9,0.00099999999999989
"normal","mu_pos",100,2,"C_richardson",2,"observed",TRUE,NA,4.39824934417396e-08,4.39825670102441e-08,2.19912837756856e-08,0,TRUE,0.00193995405501362,0,0.387990828067558,200.000008796514,18,0.00099999999999989
"normal","mu_pos",100,3,"A",2,"observed",TRUE,NA,3.87969525804478e-08,3.87970459905766e-08,1.93985233293156e-08,0,TRUE,0.00221584281928295,0,0.443168581050221,200.000007759409,9,0
"normal","mu_pos",100,3,"B",2,"observed",TRUE,NA,3.67361297779323e-06,3.67197803513233e-06,1.83599070307188e-06,2.61606019879772e-06,TRUE,0.00221582781506655,0,0.443167258721208,200.000734398843,9,0
"normal","mu_pos",100,3,"C_richardson",2,"observed",TRUE,NA,1.10840978110405e-08,2.48287466284718e-08,1.24143732878641e-08,0,TRUE,0.0022158428317357,0,0.443168571259216,200.000002216798,18,0.00100000000000033
"normal","mu_pos",1000,1,"A",2,"observed",TRUE,NA,1.69588106767342e-08,1.69559160472669e-08,8.47795809347748e-09,8.02413124872632e-10,TRUE,0.00212933705513686,0,4.25867418438284,2000.00003391183,9,0
"normal","mu_pos",1000,1,"B",2,"observed",TRUE,NA,1.58264712006981e-05,1.58261254243025e-05,7.91309402067127e-06,1.63037303898036e-07,TRUE,0.00212930715346063,0,4.25868209128267,2000.03165275372,9,0.00099999999999989
"normal","mu_pos",1000,1,"C_richardson",2,"observed",TRUE,NA,2.99841889233027e-07,2.99842468967779e-07,1.49921223217386e-07,8.02413334854299e-10,TRUE,0.0021293378470566,0,4.25867441908114,1999.99940031524,18,0
"normal","mu_pos",1000,2,"A",2,"observed",TRUE,NA,1.58170308271255e-08,1.58152468980259e-08,7.90762343462985e-09,5.255233039911e-10,TRUE,0.00235532391085449,0,4.7106478978098,2000.00003163049,9,0
"normal","mu_pos",1000,2,"B",2,"observed",TRUE,NA,3.18480649945853e-06,3.17412429493028e-06,1.58706340676599e-06,5.69491052678346e-07,TRUE,0.00235531052805287,0,4.71063774298618,2000.00634829759,9,0
"normal","mu_pos",1000,2,"C_richardson",2,"observed",TRUE,NA,4.65599816271516e-08,4.65506901966119e-08,2.32753448380365e-08,2.04370181632844e-09,TRUE,0.00235532411175837,0,4.71064801045796,1999.99990689862,18,0
"normal","mu_pos",1000,3,"A",2,"observed",TRUE,NA,9.8230037401394e-08,9.823030526866e-08,4.91151538244724e-08,8.40424775650601e-11,TRUE,0.0024455904409009,0,4.89118136254526,2000.00019646063,9,0.00099999999999989
"normal","mu_pos",1000,3,"B",2,"observed",TRUE,NA,2.08931617291518e-05,2.08923110084764e-05,1.04462100659096e-05,2.90291572670077e-07,TRUE,0.00244554440959875,0,4.89119197890662,2000.0417855031,9,0.00099999999999989
"normal","mu_pos",1000,3,"C_richardson",2,"observed",TRUE,NA,2.39106511917102e-07,2.39106945824091e-07,1.19553479953408e-07,2.52127369989428e-10,TRUE,0.00244559035980094,0,4.89118188996113,2000.00047821401,18,0.00099999999999989
"normal","mu_pos",10000,1,"A",2,"observed",TRUE,NA,1.98848975014007e-07,1.98835043909518e-07,9.94175269303652e-08,5.6399081779524e-10,TRUE,0.0022400371802993,0,44.8007526654814,20000.0039767017,9,0
"normal","mu_pos",10000,1,"B",2,"observed",TRUE,NA,4.86075071810689e-05,4.86018492821238e-05,2.43012199157054e-05,1.34452181007804e-07,TRUE,0.0022399331583419,0,44.8008766992326,20000.9720856855,9,0.00099999999999989
"normal","mu_pos",10000,1,"C_richardson",2,"observed",TRUE,NA,6.55007576591897e-08,1.76237923302953e-07,8.81189655152241e-08,1.27085928010003e-09,TRUE,0.00224003782085129,0,44.8007596829739,20000.0013055526,18,0.00199999999999978
"normal","mu_pos",10000,2,"A",2,"observed",TRUE,NA,9.4974175783692e-08,9.49743533118178e-08,4.74871777637354e-08,2.27051440526752e-11,TRUE,0.00223044900267255,0,44.6089842961958,20000.0018994872,9,0.00100000000000033
"normal","mu_pos",10000,2,"B",2,"observed",TRUE,NA,2.46701094359916e-05,2.46628807245127e-05,1.2331516395341e-05,1.35321179539794e-07,TRUE,0.00223042254265315,0,44.609587028219,20000.4932712409,9,0.00099999999999989
"normal","mu_pos",10000,2,"C_richardson",2,"observed",TRUE,NA,2.14989204248613e-07,2.94819279964396e-07,1.47409650884945e-07,2.74984410384079e-10,TRUE,0.00223044937267081,0,44.6089971168027,20000.0042997122,18,0.00199999999999978
"normal","mu_pos",10000,3,"A",2,"observed",TRUE,NA,1.29084907758365e-07,1.290852206187e-07,6.45426082499958e-08,2.22087633336913e-11,TRUE,0.00226700220971122,0,45.3400383476439,19999.9974182959,9,0.00099999999999989
"normal","mu_pos",10000,3,"B",2,"observed",TRUE,NA,1.02889479613332e-05,1.02861249301105e-05,5.14304923959117e-06,5.71597493224031e-08,TRUE,0.00226701111831606,0,45.3397718206628,19999.7942798867,9,0.00099999999999989
"normal","mu_pos",10000,3,"C_richardson",2,"observed",TRUE,NA,3.12457888042862e-07,3.1242420933174e-07,1.56212092452931e-07,1.07342393024092e-09,TRUE,0.00226700224687771,0,45.3400310694018,19999.9937515179,18,0.00199999999999978
"normal","mu_cero",100,1,"A",2,"observed",TRUE,NA,2.54775785679972e-08,3.25965933087487e-08,1.62982968108957e-08,9.53311513143746e-11,TRUE,0.5001268291425,0,100.025369644165,200.000003814697,9,0
"normal","mu_cero",100,1,"B",2,"observed",TRUE,NA,1.24060768048188e-05,2.04747419511247e-05,1.02373185741836e-05,2.90554759782774e-08,TRUE,0.500109481047103,0,100.023318430354,200.001681176994,9,0
"normal","mu_cero",100,1,"C_richardson",2,"observed",TRUE,NA,2.06037939442614e-07,3.1227001679711e-07,1.56135020582177e-07,4.13101613702085e-10,TRUE,0.50012702624972,0,100.025397618611,199.999968210857,18,0
"normal","mu_cero",100,2,"A",2,"observed",TRUE,NA,6.81584932420286e-08,1.35368253502565e-07,6.76841290598498e-08,2.51834703774784e-11,TRUE,0.482080620104191,0,96.4161281585693,200.000007629395,9,0.00099999999999989
"normal","mu_cero",100,2,"B",2,"observed",TRUE,NA,2.56048117164752e-05,4.71582544512042e-05,2.35794052198619e-05,4.09331130827071e-08,TRUE,0.482091784908642,0,96.4206621342097,200.003231375754,9,0.00099999999999989
"normal","mu_cero",100,2,"C_richardson",2,"observed",TRUE,NA,4.70396959741695e-07,1.00579581478275e-06,5.02898033849239e-07,2.60228927682136e-10,TRUE,0.482080944706244,0,96.416212081909,200.000038146973,18,0.00099999999999989
"normal","mu_cero",100,3,"A",2,"observed",TRUE,NA,1.44576842220894e-08,2.2530873316754e-08,1.12654366696406e-08,1.82383849493572e-11,TRUE,0.59777693079842,0,119.5553855896,199.999998092651,9,0
"normal","mu_cero",100,3,"B",2,"observed",TRUE,NA,9.55097975727052e-06,1.0971706553516e-05,5.48583822952526e-06,0,TRUE,0.597781644698852,0,119.555017217204,199.997805682765,9,0
"normal","mu_cero",100,3,"C_richardson",2,"observed",TRUE,NA,1.22599448247556e-07,1.0490415706978e-07,5.24520799172434e-08,4.80277435802203e-10,TRUE,0.597776764746293,0,119.555380503335,200.000020980837,18,0
"normal","mu_cero",1000,1,"A",2,"observed",TRUE,NA,1.18709288754697e-07,2.35429957391978e-07,1.17714985641632e-07,2.63651356956714e-11,TRUE,0.527996299194659,0,1055.99269104004,2000.00006103516,9,0
"normal","mu_cero",1000,1,"B",2,"observed",TRUE,NA,3.52684017881469e-05,3.78581470279456e-05,1.89292526722012e-05,2.85705571960367e-09,TRUE,0.527961209581226,0,1055.96894349824,2000.07571923778,9,0
"normal","mu_cero",1000,1,"C_richardson",2,"observed",TRUE,NA,3.30260796412925e-07,3.1534817507841e-07,1.57674099944041e-07,1.21279601338974e-10,TRUE,0.527995989178726,0,1055.99258931471,2000.00063069669,18,0
"normal","mu_cero",1000,2,"A",2,"observed",TRUE,NA,1.03049942382535e-07,1.89585020817975e-07,9.47925148709694e-08,5.08908794288906e-11,TRUE,0.465912342417924,0,931.824798583977,2000.00006103516,9,0
"normal","mu_cero",1000,2,"B",2,"observed",TRUE,NA,2.97617872225918e-05,5.8167254269864e-05,2.90840500758473e-05,1.03396479542544e-08,TRUE,0.465924662716156,0,931.878826605673,2000.02611323815,9,0
"normal","mu_cero",1000,2,"C_richardson",2,"observed",TRUE,NA,7.80797673617743e-07,1.10659349208956e-06,5.53296899114187e-07,8.48179993824736e-11,TRUE,0.465912437898552,0,931.82565307615,2000.00136311851,18,0.00099999999999989
"normal","mu_cero",1000,3,"A",2,"observed",TRUE,NA,1.43460606078371e-07,1.66260349614288e-07,8.31301713653766e-08,2.49239465747172e-11,TRUE,0.548158815059727,0,1096.31755065918,1999.99974060059,9,0
"normal","mu_cero",1000,3,"B",2,"observed",TRUE,NA,4.53590411781067e-05,8.51019540430388e-05,4.25500717672308e-05,0,TRUE,0.54809996682654,0,1096.22444209123,2000.04471527026,9,0
"normal","mu_cero",1000,3,"C_richardson",2,"observed",TRUE,NA,6.34500132643045e-07,1.26116172000969e-06,6.30580661217691e-07,3.48935516960311e-11,TRUE,0.548158018321284,0,1096.3163503011,2000.00041198731,18,0
"normal","mu_cero",10000,1,"A",2,"observed",TRUE,NA,7.46121023411802e-08,6.10351632694396e-08,3.05175812647272e-08,3.81570061165672e-12,TRUE,0.499912364198112,0,9998.24743652338,19999.9987792969,9,0.00099999999999989
"normal","mu_cero",10000,1,"B",2,"observed",TRUE,NA,9.00318662026023e-05,0.000158587381534453,7.92968347612179e-05,1.05418008464301e-09,TRUE,0.499951017609556,0,9999.83292242948,20001.2036529606,9,0.00099999999999989
"normal","mu_cero",10000,1,"C_richardson",2,"observed",TRUE,NA,1.54957188927955e-06,1.74520541485987e-06,8.72603088084308e-07,6.96490533610914e-11,TRUE,0.499911966672103,0,9998.2645263478,20000.0225423371,18,0.00200000000000022
"normal","mu_cero",10000,2,"A",2,"observed",TRUE,NA,2.32249995815514e-07,4.36133134479566e-07,2.18066543496809e-07,4.65443264271846e-12,TRUE,0.494484699698183,0,9889.6961669921,20000.0025634766,9,0.00099999999999989
"normal","mu_cero",10000,2,"B",2,"observed",TRUE,NA,0.000230631852385313,0.000265259358210583,0.000132620884955859,1.70312504581617e-09,TRUE,0.494446159896195,0,9887.07783480946,19995.5981496432,9,0.00099999999999989
"normal","mu_cero",10000,2,"C_richardson",2,"observed",TRUE,NA,1.91360619974661e-06,4.30367992937466e-06,2.15183764957369e-06,1.08603870454266e-11,TRUE,0.4944828275048,0,9889.65791829382,19999.9984944666,18,0.00200000000000022
"normal","mu_cero",10000,3,"A",2,"observed",TRUE,NA,3.35723904887053e-07,6.42348113914882e-07,3.2117400536812e-07,6.89463281446449e-12,TRUE,0.491221895987257,0,9824.43749999982,19999.9964599611,9,0.00099999999999989
"normal","mu_cero",10000,3,"B",2,"observed",TRUE,NA,0.000157426165501624,0.000172997076597275,8.6494797623632e-05,5.09535913738621e-10,TRUE,0.491274072236547,0,9823.87944055195,19996.5406588939,9,0.00099999999999989
"normal","mu_cero",10000,3,"C_richardson",2,"observed",TRUE,NA,2.5366902886875e-06,2.8055905571343e-06,1.40279429463484e-06,4.38749932713919e-12,TRUE,0.49122386223613,0,9824.45052083326,19999.9438883464,18,0.00200000000000022
"normal","mu_neg",100,1,"A",2,"observed",TRUE,NA,4.46183259297005e-08,4.46177729437868e-08,2.23088867404127e-08,1.29366893203286e-08,TRUE,0.00124145158814993,0,0.248290328787627,200.000008923555,9,0
"normal","mu_neg",100,1,"B",2,"observed",TRUE,NA,2.8593243099781e-06,1.40671348825076e-05,7.03359217699651e-06,1.05141079217587e-06,TRUE,0.00124146555761346,0,0.24829382790556,200.0005718428,9,0
"normal","mu_neg",100,1,"C_richardson",2,"observed",TRUE,NA,7.28930244801797e-08,1.90387555071092e-07,9.51937820455031e-08,3.19104925317156e-08,TRUE,0.0012414518205006,0,0.248290382394191,200.000014578112,18,0.00099999999999989
"normal","mu_neg",100,2,"A",2,"observed",TRUE,NA,4.96144654315649e-08,4.96141901451127e-08,2.48070954741727e-08,1.03933892820203e-08,TRUE,0.00121075736788958,0,0.242151485652045,200.000009922839,9,0
"normal","mu_neg",100,2,"B",2,"observed",TRUE,NA,2.59581304246219e-06,2.59576071429756e-06,1.29787951487988e-06,1.05590599161736e-06,TRUE,0.00121075977781314,0,0.242151333089338,199.999480849231,9,0
"normal","mu_neg",100,2,"C_richardson",2,"observed",TRUE,NA,6.55692748124614e-09,3.20131835268168e-08,1.60065916200672e-08,6.58248045922774e-08,TRUE,0.001210757395284,0,0.242151477871815,199.999998707539,18,0
"normal","mu_neg",100,3,"A",2,"observed",TRUE,NA,3.07728771908226e-08,6.55590476272402e-08,3.27795232622739e-08,2.17599323097563e-08,TRUE,0.0013654481525466,0,0.2730896390818,200.000006153928,9,0.00099999999999989
"normal","mu_neg",100,3,"B",2,"observed",TRUE,NA,6.94272539113199e-06,2.59650972460409e-05,1.29824643508509e-05,9.82552887039524e-07,TRUE,0.001365422273157,0,0.273082566369904,199.998611477395,9,0
"normal","mu_neg",100,3,"C_richardson",2,"observed",TRUE,NA,4.51630509879953e-08,2.26978887031144e-07,1.13489437149686e-07,8.46219790648024e-08,TRUE,0.00136544803332295,0,0.273089594999724,199.999990974055,18,0
"normal","mu_neg",1000,1,"A",2,"observed",TRUE,NA,5.6682933585166e-08,5.66827895529695e-08,2.8341395227024e-08,8.53235744977461e-10,TRUE,0.00121024696767057,0,2.42049407303338,2000.00011336559,9,0
"normal","mu_neg",1000,1,"B",2,"observed",TRUE,NA,1.87375597382937e-05,1.87371929374169e-05,9.36864035438591e-06,1.73361250353233e-07,TRUE,0.00121023972326816,0,2.42052490032054,2000.03747508876,9,0.00100000000000033
"normal","mu_neg",1000,1,"C_richardson",2,"observed",TRUE,NA,5.54658538545148e-08,1.84521950340953e-07,9.22609793240103e-08,6.54147353983856e-09,TRUE,0.00121024733088731,0,2.42049453131837,1999.99988909099,18,0.00100000000000033
"normal","mu_neg",1000,2,"A",2,"observed",TRUE,NA,1.69673129224972e-08,1.20753772401256e-07,6.03768844223092e-08,1.86590252245048e-09,TRUE,0.00134643370586219,0,2.69286745880655,2000.00003392508,9,0
"normal","mu_neg",1000,2,"B",2,"observed",TRUE,NA,1.04724336047269e-06,4.29272063615561e-05,2.14633728426172e-05,1.51657756835841e-07,TRUE,0.00134637744602021,0,2.69275219165144,1999.99790956267,9,0
"normal","mu_neg",1000,2,"C_richardson",2,"observed",TRUE,NA,6.67549492113822e-08,6.02741959429779e-07,3.01370934366605e-07,1.13198150393999e-08,TRUE,0.00134643316600287,0,2.69286616087703,1999.99986657484,18,0.00099999999999989
"normal","mu_neg",1000,3,"A",2,"observed",TRUE,NA,9.79575823121608e-08,9.7955974920799e-08,4.8977988642165e-08,3.39849296550612e-09,TRUE,0.00120610520351187,0,2.41221064525665,2000.00019591197,9,0
"normal","mu_neg",1000,3,"B",2,"observed",TRUE,NA,3.99364195029485e-06,4.25616866252028e-05,2.12810697545151e-05,5.17873963633991e-07,TRUE,0.00120615174780501,0,2.41231342244849,2000.00798474405,9,0
"normal","mu_neg",1000,3,"C_richardson",2,"observed",TRUE,NA,4.87101610818268e-08,7.56437256557762e-07,3.78218699893002e-07,1.01954712426908e-08,TRUE,0.00120610622588709,0,2.41221257500803,2000.00009734337,18,0.00099999999999989
"normal","mu_neg",10000,1,"A",2,"observed",TRUE,NA,1.05286052090364e-07,1.21466037129971e-07,6.07330203680491e-08,5.9991514776538e-10,TRUE,0.00122742540490077,0,24.5485107183309,20000.0021056194,9,0.00100000000000033
"normal","mu_neg",10000,1,"B",2,"observed",TRUE,NA,1.05671953997437e-05,7.55330932411577e-05,3.77672598034656e-05,4.0628230835995e-08,TRUE,0.00122750501322679,0,24.5503621013102,20000.2113313091,9,0.00099999999999989
"normal","mu_neg",10000,1,"C_richardson",2,"observed",TRUE,NA,9.05559549604832e-08,1.32040485649028e-07,6.60202406189666e-08,8.37659674347226e-09,TRUE,0.00122742530947983,0,24.5485044951241,19999.9982119552,18,0.00199999999999978
"normal","mu_neg",10000,2,"A",2,"observed",TRUE,NA,1.05246009943067e-07,3.69094912386591e-07,1.84547473291995e-07,1.0125165973933e-09,TRUE,0.0012481347970098,0,24.9626986300653,20000.0021045986,9,0.00099999999999989
"normal","mu_neg",10000,2,"B",2,"observed",TRUE,NA,7.28564652056848e-05,7.28510658543035e-05,3.64261963610186e-05,6.63554015580951e-08,TRUE,0.00124812775458654,0,24.9643779054203,20001.4571275803,9,0.00099999999999989
"normal","mu_neg",10000,2,"C_richardson",2,"observed",TRUE,NA,3.95335333380255e-07,1.59997676830926e-06,7.99988704242398e-07,4.16982007527412e-09,TRUE,0.00124813596148926,0,24.9627293562473,20000.0079052435,18,0.00199999999999978
"normal","mu_neg",10000,3,"A",2,"observed",TRUE,NA,1.49701388111949e-07,3.21005561204449e-07,1.60502793399734e-07,2.85953381471177e-10,TRUE,0.00127902726069454,0,25.580549062227,20000.0029940007,9,0.00100000000000033
"normal","mu_neg",10000,3,"B",2,"observed",TRUE,NA,9.26210820292414e-06,0.000121656584062017,6.08301421840124e-05,1.80738527196182e-07,TRUE,0.00127917022662067,0,25.5836532705918,20000.1850980093,9,0.00099999999999989
"normal","mu_neg",10000,3,"C_richardson",2,"observed",TRUE,NA,3.4714860891547e-07,1.62672079984706e-06,8.13360730693592e-07,3.63266157104081e-09,TRUE,0.00127902866721302,0,25.580582463194,20000.0069415804,18,0.00200000000000022
"normal","severidad",100,1,"A",2,"observed",TRUE,NA,2.51906059105506e-07,2.5190599550903e-07,1.25953005759199e-07,0,TRUE,3.5990428446252e-07,0,7.19808750249179e-05,200.000050381212,9,0
"normal","severidad",100,1,"B",2,"observed",TRUE,NA,1.47599430084161e-06,1.37325382806384e-05,6.86629271332595e-06,0.0103786049077921,TRUE,3.59908778073768e-07,0,7.19818619506431e-05,200.000295198806,9,0
"normal","severidad",100,1,"C_richardson",2,"observed",TRUE,NA,4.78865322917442e-09,5.32930665227496e-08,2.66465336624148e-08,0.00015891483739027,TRUE,3.59904384734814e-07,0,7.198087729305e-05,200.000000957727,18,0
"normal","severidad",100,2,"A",2,"observed",TRUE,NA,2.54016276965244e-07,2.54016212254853e-07,1.27008114104485e-07,2.8904411512437e-05,TRUE,3.40499881637783e-07,0,6.80999936262803e-05,200.000050803255,9,0
"normal","severidad",100,2,"B",2,"observed",TRUE,NA,1.71697337058646e-06,6.53663090632123e-06,3.26832079422005e-06,0.00587296344343434,TRUE,3.40501603786002e-07,0,6.81004377285865e-05,200.000343394661,9,0
"normal","severidad",100,2,"C_richardson",2,"observed",TRUE,NA,6.80613747555716e-09,6.38910336669632e-08,3.19455173449301e-08,0.000247293347624055,TRUE,3.40499982333754e-07,0,6.80999969321397e-05,200.000001361222,18,0
"normal","severidad",100,3,"A",2,"observed",TRUE,NA,2.4481446431467e-07,2.44814404544614e-07,1.22407209861591e-07,1.84900485487164e-05,TRUE,3.55065891769408e-07,0,7.1013195739092e-05,200.000048962893,9,0
"normal","severidad",100,3,"B",2,"observed",TRUE,NA,1.49625418853154e-06,1.11057308635727e-05,5.55285001473689e-06,0.00375699176792568,TRUE,3.55062583498441e-07,0,7.10124104788458e-05,199.999700749169,9,0
"normal","severidad",100,3,"C_richardson",2,"observed",TRUE,NA,1.2995714719391e-08,1.68448286162297e-07,8.42241395336686e-08,8.01235740457757e-05,TRUE,3.55065940418504e-07,0,7.10131871615148e-05,199.999997400857,18,0
"normal","severidad",1000,1,"A",2,"observed",TRUE,NA,2.35868952763742e-07,2.35868897106523e-07,1.17934455404131e-07,6.65142247327907e-06,TRUE,3.48941228951527e-07,0,0.000697882622517271,2000.00047173791,9,0
"normal","severidad",1000,1,"B",2,"observed",TRUE,NA,5.87926799000242e-07,1.94892511605316e-05,9.7445781019491e-06,0.0012013441753214,TRUE,3.48934730819585e-07,0,0.000697869052321139,1999.99882414807,9,0
"normal","severidad",1000,1,"C_richardson",2,"observed",TRUE,NA,5.08740025687967e-08,3.52330453555473e-07,1.76165211269791e-07,1.79834862763031e-05,TRUE,3.48941221435295e-07,0,0.000697882407381152,1999.999898252,18,0
"normal","severidad",1000,2,"A",2,"observed",TRUE,NA,2.63597651173522e-07,2.63597581651746e-07,1.3179879947492e-07,3.68945953144844e-06,TRUE,3.51622055083032e-07,0,0.00070324429554262,2000.0005271953,9,0
"normal","severidad",1000,2,"B",2,"observed",TRUE,NA,7.50797730719891e-06,1.37832303801808e-05,6.8916389374226e-06,0.00299854287096516,TRUE,3.51624337850406e-07,0,0.000703253958162858,2000.01501595378,9,0
"normal","severidad",1000,2,"C_richardson",2,"observed",TRUE,NA,9.16903057468862e-08,3.45622032673734e-07,1.72811031244946e-07,2.09069346195083e-05,TRUE,3.51622221805147e-07,0,0.000703244508108333,2000.00018338061,18,0.00099999999999989
"normal","severidad",1000,3,"A",2,"observed",TRUE,NA,2.44815586723772e-07,2.44815526674169e-07,1.22407770839361e-07,2.9031333199621e-06,TRUE,3.55525095243785e-07,0,0.000711050364566216,2000.00048963117,9,0.00099999999999989
"normal","severidad",1000,3,"B",2,"observed",TRUE,NA,2.32584676106892e-06,2.80627430467049e-06,1.4031381367055e-06,0.00324432365418233,TRUE,3.55525358019223e-07,0,0.000711052372598647,2000.00465169027,9,0
"normal","severidad",1000,3,"C_richardson",2,"observed",TRUE,NA,7.51710556563393e-08,1.94981849048541e-07,9.74909197979239e-08,2.80636360465912e-05,TRUE,3.55525145987612e-07,0,0.000711050238548755,1999.9998496579,18,0
"normal","severidad",10000,1,"A",2,"observed",TRUE,NA,2.38853018769232e-07,2.38852961592906e-07,1.19426487999121e-07,6.63879749813574e-07,TRUE,3.44174620491353e-07,0,0.0068834940540222,20000.0047770604,9,0.00099999999999989
"normal","severidad",10000,1,"B",2,"observed",TRUE,NA,9.57277015293383e-07,4.36483590918986e-05,2.18244176985598e-05,0.000490495491424444,TRUE,3.4418997773529e-07,0,0.00688379300362696,19999.9808546237,9,0.00099999999999989
"normal","severidad",10000,1,"C_richardson",2,"observed",TRUE,NA,2.53081572414369e-07,8.04803458983275e-07,4.02401810420216e-07,1.59934571247878e-05,TRUE,3.44174816693889e-07,0,0.00688349807722108,20000.0050616308,18,0.00200000000000022
"normal","severidad",10000,2,"A",2,"observed",TRUE,NA,2.70246169752098e-07,2.70246096619051e-07,1.35123057552936e-07,1.83250762400493e-07,TRUE,3.41906951711359e-07,0,0.00683814088222223,20000.0054049234,9,0.00099999999999989
"normal","severidad",10000,2,"B",2,"observed",TRUE,NA,2.5499441962712e-06,3.90235215323635e-05,1.95115704155639e-05,0.000794363703890117,TRUE,3.41894510241115e-07,0,0.00683787283006512,19999.9490012743,9,0.00099999999999989
"normal","severidad",10000,2,"C_richardson",2,"observed",TRUE,NA,1.28093448782795e-07,1.17604012012733e-06,5.88020232921865e-07,2.54514729833946e-06,TRUE,3.41907341688008e-07,0,0.0068381477098788,20000.0025618689,18,0.00200000000000022
"normal","severidad",10000,3,"A",2,"observed",TRUE,NA,2.47447012263997e-07,2.47446950793023e-07,1.23723483050712e-07,5.37488112959336e-07,TRUE,3.46459146371542e-07,0,0.00692918464207942,20000.0049489402,9,0.00099999999999989
"normal","severidad",10000,3,"B",2,"observed",TRUE,NA,1.16570208557981e-05,8.86114453987116e-05,4.43067042413853e-05,0.00157733103675907,TRUE,3.46485930476189e-07,0,0.00692979951545478,20000.2331402751,9,0.00099999999999989
"normal","severidad",10000,3,"C_richardson",2,"observed",TRUE,NA,3.95043840420414e-07,9.81114227922754e-07,4.90557234255988e-07,3.32445937067763e-06,TRUE,3.46459475831656e-07,0,0.0069291922542325,20000.0079008768,18,0.00200000000000022
"normal","sd_pequena",100,1,"A",2,"observed",TRUE,NA,4.57721756936986e-13,2.36852264270735e-07,1.18426139243266e-07,3.73008744454904e-20,TRUE,1.87116463046692e-06,0,200.000047370464,106885329.122833,9,0.00099999999999989
"normal","sd_pequena",100,1,"B",2,"observed",TRUE,NA,6.95776798186744e-12,2.20511890784547e-07,1.10255951591799e-07,1.01054205102117e-17,TRUE,1.87116459989556e-06,0,200.000044102388,106885329.122149,9,0
"normal","sd_pequena",100,1,"C_richardson",2,"observed",TRUE,NA,1.27356655509385e-13,8.81684676761721e-09,4.40842339697305e-09,1.86504414757065e-19,TRUE,1.87116420377499e-06,0,200.000001763369,106885329.122833,18,0
"normal","sd_pequena",100,2,"A",2,"observed",TRUE,NA,1.32321675774708e-12,2.27470978842592e-07,1.13735495790662e-07,4.0916351115058e-20,TRUE,2.56841352792346e-06,0,200.000045494206,77869098.3051711,9,0
"normal","sd_pequena",100,2,"B",2,"observed",TRUE,NA,1.92327421280442e-11,1.76263344181936e-07,8.81316682434234e-08,8.31368768312257e-18,TRUE,2.5684124909134e-06,0,199.999964747337,77869098.3065671,9,0
"normal","sd_pequena",100,2,"C_richardson",2,"observed",TRUE,NA,1.71108319405136e-12,1.57595785550328e-08,7.8797892757608e-09,2.31859379380493e-19,TRUE,2.5684129032053e-06,0,199.999996848084,77869098.3052118,18,0
"normal","sd_pequena",100,3,"A",2,"observed",TRUE,NA,4.66321528388702e-13,2.412066552356e-07,1.20603334869781e-07,4.71247523807806e-20,TRUE,1.808091833267e-06,0,200.000048241343,110613877.327217,9,0
"normal","sd_pequena",100,3,"B",2,"observed",TRUE,NA,4.21046599148635e-11,8.54500325832823e-08,4.27250153397602e-08,9.57515596057208e-18,TRUE,1.80809124271017e-06,0,199.999982909995,110613877.322589,9,0
"normal","sd_pequena",100,3,"C_richardson",2,"observed",TRUE,NA,1.39173655831142e-13,1.4070559679532e-08,7.03527976401198e-09,2.67040331660327e-19,TRUE,1.80809137170169e-06,0,199.999997185888,110613877.327248,18,0
"normal","sd_pequena",1000,1,"A",2,"observed",TRUE,NA,9.08349404172695e-13,2.21033017237001e-07,1.10516514659239e-07,2.46171796325799e-21,TRUE,2.14265742407217e-06,0,2000.00044206613,933420536.384705,9,0.00099999999999989
"normal","sd_pequena",1000,1,"B",2,"observed",TRUE,NA,2.98182459348526e-10,2.29086057527306e-06,1.14542963160574e-06,1.50057350457834e-18,TRUE,2.14265204258505e-06,0,1999.99541828935,933420536.105716,9,0.00099999999999989
"normal","sd_pequena",1000,1,"C_richardson",2,"observed",TRUE,NA,1.61228669345082e-12,1.32421807306035e-08,6.62109034550668e-09,1.18983062765863e-19,TRUE,2.14265692210476e-06,0,1999.99997351564,933420536.382507,18,0
"normal","sd_pequena",1000,2,"A",2,"observed",TRUE,NA,1.40173401704671e-12,2.40061942315758e-07,1.20030978296881e-07,2.17981751497823e-21,TRUE,1.98322560626772e-06,0,2000.000480124,1008458379.01813,9,0
"normal","sd_pequena",1000,2,"B",2,"observed",TRUE,NA,1.70576127704445e-10,1.41625245209008e-06,7.0812597534802e-07,2.65747226653016e-18,TRUE,1.9832223210708e-06,0,1999.99716749911,1008458379.18862,9,0
"normal","sd_pequena",1000,2,"C_richardson",2,"observed",TRUE,NA,2.94532567806387e-13,3.50363933548058e-08,1.75181965815206e-08,3.41504837961024e-20,TRUE,1.9832250606875e-06,0,1999.99992992722,1008458379.01707,18,0
"normal","sd_pequena",1000,3,"A",2,"observed",TRUE,NA,1.84309547369479e-12,2.3425784518414e-07,1.17128929419724e-07,1.60090475341341e-20,TRUE,2.0446694286673e-06,0,2000.0004685158,978153456.238281,9,0
"normal","sd_pequena",1000,3,"B",2,"observed",TRUE,NA,4.1668943575876e-10,3.0627626461205e-06,1.53138015042544e-06,6.50569284958681e-18,TRUE,2.04466268816589e-06,0,1999.99387449347,978153455.83287,9,0
"normal","sd_pequena",1000,3,"C_richardson",2,"observed",TRUE,NA,6.77421423536679e-12,3.94924838208721e-08,1.97462417264849e-08,6.78478866945732e-20,TRUE,2.04466886894818e-06,0,1999.99992101504,978153456.233398,18,0
"normal","sd_pequena",10000,1,"A",2,"observed",TRUE,NA,8.00189315112277e-13,2.53780395795006e-07,1.26890205954137e-07,9.08381970252285e-23,TRUE,2.03553150750683e-06,0,20000.0050756092,9825446082.19092,9,0.00099999999999989
"normal","sd_pequena",10000,1,"B",2,"observed",TRUE,NA,4.83728868795461e-10,9.04289782391715e-06,4.52145913375314e-06,1.88261490851402e-18,TRUE,2.03554939706531e-06,0,20000.180859592,9825446086.90592,9,0.00099999999999989
"normal","sd_pequena",10000,1,"C_richardson",2,"observed",TRUE,NA,6.24738576065488e-12,6.29635138763929e-08,3.14817574458323e-08,6.75230726729159e-21,TRUE,2.03553111908103e-06,0,20000.0012592704,9825446082.24626,18,0.00200000000000022
"normal","sd_pequena",10000,2,"A",2,"observed",TRUE,NA,2.66087303140235e-12,2.11172226495621e-07,1.05586118842628e-07,1.43630349957595e-21,TRUE,1.94385674416639e-06,0,20000.0042234454,10288826212.8705,9,0.00100000000000033
"normal","sd_pequena",10000,2,"B",2,"observed",TRUE,NA,7.26575373672981e-10,1.25968620498163e-05,6.2984111899224e-06,8.58360052710925e-19,TRUE,1.94383184883423e-06,0,19999.7480659326,10288826205.4305,9,0
"normal","sd_pequena",10000,2,"C_richardson",2,"observed",TRUE,NA,2.01053258316197e-11,6.39790713191044e-08,3.19895351572986e-08,2.43045149257652e-20,TRUE,1.94385620934386e-06,0,19999.9987204187,10288826212.6908,18,0.00200000000000022
"normal","sd_pequena",10000,3,"A",2,"observed",TRUE,NA,2.49569943850015e-12,2.28323833007764e-07,1.14161922976137e-07,1.56731714677319e-21,TRUE,1.98147935712085e-06,0,20000.0045664777,10093471069.7855,9,0.00099999999999989
"normal","sd_pequena",10000,3,"B",2,"observed",TRUE,NA,6.17092791836327e-10,2.81084765375749e-06,1.4054228392258e-06,5.30766602757495e-19,TRUE,1.98147333625755e-06,0,19999.9437832049,10093471063.5838,9,0.00099999999999989
"normal","sd_pequena",10000,3,"C_richardson",2,"observed",TRUE,NA,9.29418411844973e-12,1.11630565945495e-07,5.5815281372576e-08,1.24804926336231e-20,TRUE,1.98147868348417e-06,0,19999.9977673889,10093471069.904,18,0.00200000000000022
"lognormal","tipica",100,1,"A",2,"observed",TRUE,NA,1.47132007506595e-07,1.52587867417731e-07,7.62939367075953e-08,6.63033195560758e-11,TRUE,0.276335747348091,0,55.2671582038315,200.000030517578,9,0
"lognormal","tipica",100,1,"B",2,"observed",TRUE,NA,7.53750810906189e-05,7.81585841421663e-05,3.9080055696489e-05,4.0412843950586e-08,TRUE,0.276313191285657,0,55.2671413783811,200.015632941434,9,0
"lognormal","tipica",100,1,"C_richardson",2,"observed",TRUE,NA,2.45834011605685e-07,2.54313216800798e-07,1.27156600281742e-07,3.31516732674863e-10,TRUE,0.276335853767109,0,55.2671582038314,199.99994913737,18,0
"lognormal","tipica",100,2,"A",2,"observed",TRUE,NA,7.52797982704071e-08,7.62939511870919e-08,3.81469747417424e-08,2.78809759680886e-10,TRUE,0.265555892738812,0,53.1111756420129,199.999984741211,9,0
"lognormal","tipica",100,2,"B",2,"observed",TRUE,NA,3.10460478549683e-05,3.16577554748123e-05,1.58290030161796e-05,9.91355434031171e-08,TRUE,0.265545115804974,0,53.1111121158619,200.006331766643,9,0
"lognormal","tipica",100,2,"C_richardson",2,"observed",TRUE,NA,8.11720602863693e-07,8.39232693008709e-07,4.19616434668167e-07,4.64682478880578e-10,TRUE,0.265555662076463,0,53.1111788984467,200.00016784668,18,0.00099999999999989
"lognormal","tipica",100,3,"A",2,"observed",TRUE,NA,2.22370635114821e-07,2.28881888696653e-07,1.14440937811449e-07,2.63211207753734e-10,TRUE,0.251804159848329,0,50.360821390458,199.999954223633,9,0.00099999999999989
"lognormal","tipica",100,3,"B",2,"observed",TRUE,NA,4.47090757497176e-05,4.5853148874373e-05,2.29263116293076e-05,9.16867065963231e-08,TRUE,0.251812644882732,0,50.3605498395064,199.990829802106,9,0
"lognormal","tipica",100,3,"C_richardson",2,"observed",TRUE,NA,1.30717796134321e-06,1.34786151710328e-06,6.73930531542562e-07,8.77371720018217e-11,TRUE,0.251804431641177,0,50.3608187646505,199.99973042806,18,0
"lognormal","tipica",1000,1,"A",2,"observed",TRUE,NA,7.03835752051736e-07,7.32422412234815e-07,3.662111390743e-07,3.49372645693012e-11,TRUE,0.289806021992193,0,579.611637335371,1999.99853515625,9,0.00099999999999989
"lognormal","tipica",1000,1,"B",2,"observed",TRUE,NA,0.000178576857693302,0.000185403376894512,9.26973920440539e-05,2.23149378043862e-08,TRUE,0.289850294730295,0,579.604545406803,1999.62926292421,9,0
"lognormal","tipica",1000,1,"C_richardson",2,"observed",TRUE,NA,3.5174322587005e-06,3.66212278635362e-06,1.83105971683736e-06,1.16457893837559e-11,TRUE,0.28980686682116,0,579.611616990625,1999.99267578125,18,0.00099999999999989
"lognormal","tipica",1000,2,"A",2,"observed",TRUE,NA,6.45361580338777e-07,6.71387170750374e-07,3.35693528963514e-07,3.91479054169756e-11,TRUE,0.290871843326208,0,581.743316287464,1999.99865722656,9,0
"lognormal","tipica",1000,2,"B",2,"observed",TRUE,NA,0.000154485979061056,0.000160591449597147,8.02925013556699e-05,1.39226038473008e-08,TRUE,0.290909546047314,0,581.732859164317,1999.67886904168,9,0
"lognormal","tipica",1000,2,"C_richardson",2,"observed",TRUE,NA,5.09967880253512e-06,5.31008680440446e-06,2.65503987761083e-06,1.43542999535669e-10,TRUE,0.290873137632323,0,581.743260261622,1999.98937988282,18,0
"lognormal","tipica",1000,3,"A",2,"observed",TRUE,NA,7.02943542958177e-07,7.32421338360741e-07,3.66210736256608e-07,2.41959182923972e-11,TRUE,0.293728411069534,0,587.457265205379,2000.00146484375,9,0
"lognormal","tipica",1000,3,"B",2,"observed",TRUE,NA,4.25672389390975e-05,3.65522294872614e-05,1.82759477384962e-05,3.93322035872747e-08,TRUE,0.293726694520232,0,587.452724041883,1999.92690123654,9,0
"lognormal","tipica",1000,3,"C_richardson",2,"observed",TRUE,NA,1.64387689454988e-06,1.70898143614366e-06,8.54491083164349e-07,1.6291898357061e-10,TRUE,0.293728160546082,0,587.457411232991,2000.00341796877,18,0
"lognormal","tipica",10000,1,"A",2,"observed",TRUE,NA,6.55659370434341e-07,6.83593282704811e-07,3.41796699751106e-07,0,TRUE,0.298000153710718,0,5960.00714843522,20000.013671875,9,0.00199999999999978
"lognormal","tipica",10000,1,"B",2,"observed",TRUE,NA,0.000624573145684409,0.000652092723527611,0.000325993225972258,7.72062546240591e-10,TRUE,0.298186474186456,0,5959.88545632996,19986.966645691,9,0.00100000000000033
"lognormal","tipica",10000,1,"C_richardson",2,"observed",TRUE,NA,7.21963664307695e-06,7.51958813062087e-06,3.75978699740095e-06,6.88564482863993e-11,TRUE,0.298002525466535,0,5960.00946906317,19999.8496093779,18,0.00200000000000067
"lognormal","tipica",10000,2,"A",2,"observed",TRUE,NA,1.97242616746591e-06,2.05078546686324e-06,1.02539220773658e-06,1.27335167626847e-11,TRUE,0.288616894265328,0,5772.32669220118,19999.9589843751,9,0.00100000000000033
"lognormal","tipica",10000,2,"B",2,"observed",TRUE,NA,0.000988460282163826,0.00102973504125562,0.00051473504454479,2.10440493987979e-09,TRUE,0.288898316597079,0,5772.1292160426,19979.4264927277,9,0.000999999999999446
"lognormal","tipica",10000,2,"C_richardson",2,"observed",TRUE,NA,4.16044994051628e-06,4.26434207636344e-06,2.13216876520244e-06,1.20968629612224e-10,TRUE,0.28861737223394,0,5772.32895415569,19999.9147135496,18,0.00199999999999978
"lognormal","tipica",10000,3,"A",2,"observed",TRUE,NA,1.63886210055249e-06,1.70898144760099e-06,8.54491088906895e-07,9.80273154448146e-12,TRUE,0.299080317586362,0,5981.6171167288,20000.0341796876,9,0.00100000000000033
"lognormal","tipica",10000,3,"B",2,"observed",TRUE,NA,0.000246939320598613,0.000254884477669586,0.000127434119107463,5.36359553280121e-09,TRUE,0.299158658944512,0,5981.94542501479,19994.9036681595,9,0.00100000000000033
"lognormal","tipica",10000,3,"C_richardson",2,"observed",TRUE,NA,4.94387443711419e-06,5.1594785874041e-06,2.57974262117649e-06,3.26756724274189e-12,TRUE,0.29907918140644,0,5981.61467098326,20000.1031901042,18,0.00200000000000067
"lognormal","poca_disp",100,1,"A",2,"observed",TRUE,NA,2.9473347033835e-10,6.00195003688769e-08,3.00097505904501e-08,5.48422854630457e-16,TRUE,0.00489344677029584,0,200.000012003901,40870.989588985,9,0
"lognormal","poca_disp",100,1,"B",2,"observed",TRUE,NA,2.49557408506775e-08,4.72936481360239e-06,2.36468520268454e-06,0,TRUE,0.00489346957404105,0,200.000945877436,40870.9899696535,9,0.00100000000000033
"lognormal","poca_disp",100,1,"C_richardson",2,"observed",TRUE,NA,2.69752951509879e-10,5.43925180332452e-08,2.71962594233382e-08,5.66703619637425e-15,TRUE,0.0048934467425331,0,200.000010878504,40870.9895891926,18,0.00100000000000033
"lognormal","poca_disp",100,2,"A",2,"observed",TRUE,NA,2.21227827876342e-10,4.48520323690132e-08,2.24260163761673e-08,5.5552210939487e-16,TRUE,0.00492862406381059,0,200.000008970407,40579.2785938071,9,0
"lognormal","poca_disp",100,2,"B",2,"observed",TRUE,NA,2.67901236260454e-08,5.3935507638142e-06,2.69677901810826e-06,4.51497811104173e-13,TRUE,0.00492865039740254,0,200.001078715971,40579.2786791608,9,0
"lognormal","poca_disp",100,2,"C_richardson",2,"observed",TRUE,NA,9.94607805232678e-11,5.36914302108716e-09,2.68457143436357e-09,5.74039535659031e-15,TRUE,0.00492862386860419,0,200.000001073829,40579.2785971348,18,0.000999999999999446
"lognormal","poca_disp",100,3,"A",2,"observed",TRUE,NA,1.5775230570928e-10,2.84634353298583e-08,1.42317177651302e-08,1.34668971980683e-15,TRUE,0.00553275296024519,0,200.000005692687,36148.3708251047,9,0.00100000000000033
"lognormal","poca_disp",100,3,"B",2,"observed",TRUE,NA,1.0513440366238e-08,1.16026497012513e-06,5.80132653350381e-07,8.20889949436071e-13,TRUE,0.00553275914871934,0,200.000232053263,36148.3710800904,9,0.00100000000000033
"lognormal","poca_disp",100,3,"C_richardson",2,"observed",TRUE,NA,6.83963666801509e-10,1.22287909422773e-07,6.11439566550404e-08,1.75069647156112e-14,TRUE,0.00553275347889551,0,200.000024457585,36148.3708236504,18,0
"lognormal","poca_disp",1000,1,"A",2,"observed",TRUE,NA,3.4845375783829e-10,6.76465867758682e-08,3.38232938602336e-08,1.11526071458947e-15,TRUE,0.00506590134573093,0,2000.00013529318,394796.502857546,9,0
"lognormal","poca_disp",1000,1,"B",2,"observed",TRUE,NA,4.59031348658571e-08,8.79562660044876e-06,4.39782297063046e-06,1.88837394611808e-13,TRUE,0.00506594547030699,0,2000.01759140793,394796.504051076,9,0
"lognormal","poca_disp",1000,1,"C_richardson",2,"observed",TRUE,NA,4.72550956864649e-10,4.48771071922851e-08,2.24385538598319e-08,7.06331801900377e-15,TRUE,0.00506590122734914,0,2000.00008975422,394796.502907344,18,0
"lognormal","poca_disp",1000,2,"A",2,"observed",TRUE,NA,2.99123916521958e-10,6.03689018308523e-08,3.01844512353502e-08,9.40568107302559e-16,TRUE,0.00481769113668662,0,2000.00012073781,415136.641980748,9,0
"lognormal","poca_disp",1000,2,"B",2,"observed",TRUE,NA,2.28916381748947e-07,4.72650280730145e-05,2.36327932909251e-05,3.47459096578295e-13,TRUE,0.00481791837063867,0,2000.09453452432,415136.646995178,9,0
"lognormal","poca_disp",1000,2,"C_richardson",2,"observed",TRUE,NA,3.16158077695422e-10,2.45423762736168e-08,1.22711880442104e-08,2.59368790342958e-15,TRUE,0.00481769096243393,0,2000.00004908475,415136.64206713,18,0.00100000000000033
"lognormal","poca_disp",1000,3,"A",2,"observed",TRUE,NA,8.83599869541752e-11,1.76964847739486e-08,8.84824249303431e-09,8.97914845684891e-17,TRUE,0.00496191182664195,0,2000.00003539297,403070.450514652,9,0
"lognormal","poca_disp",1000,3,"B",2,"observed",TRUE,NA,4.26069776325285e-08,7.68412042893579e-06,3.84205283380407e-06,1.82446332862685e-14,TRUE,0.00496187369823155,0,1999.98463187723,403070.442857053,9,0
"lognormal","poca_disp",1000,3,"C_richardson",2,"observed",TRUE,NA,9.2834625138898e-10,1.85027552786315e-07,9.25137806610747e-08,1.94548184028729e-15,TRUE,0.00496191265663433,0,2000.00037005517,403070.450478124,18,0
"lognormal","poca_disp",10000,1,"A",2,"observed",TRUE,NA,5.52147110514004e-10,1.11970538476741e-07,5.59852708456874e-08,1.30238495179326e-16,TRUE,0.00482419320889335,0,20000.002239411,4145771.40078465,9,0.00100000000000033
"lognormal","poca_disp",10000,1,"B",2,"observed",TRUE,NA,3.7514217648233e-08,4.91212432427847e-06,2.45606517830679e-06,4.45687343807165e-14,TRUE,0.00482421625682424,0,20000.0982429691,4145771.3444527,9,0.000999999999999446
"lognormal","poca_disp",10000,1,"C_richardson",2,"observed",TRUE,NA,1.12170389335145e-09,1.8365564407307e-07,9.18278262425924e-08,3.54157285801455e-16,TRUE,0.00482419355024999,0,20000.0036731136,4145771.40386673,18,0.00199999999999978
"lognormal","poca_disp",10000,2,"A",2,"observed",TRUE,NA,5.97974307118777e-10,1.20869002034968e-07,6.04344992338944e-08,1.44223909534008e-16,TRUE,0.00490010815556773,0,19999.9975826202,4081542.06914072,9,0.00100000000000033
"lognormal","poca_disp",10000,2,"B",2,"observed",TRUE,NA,6.76114793566575e-08,6.78744652112257e-06,3.39372901933623e-06,1.02922312040862e-13,TRUE,0.00490014161263073,0,20000.1357498518,4081542.05887014,9,0.00100000000000033
"lognormal","poca_disp",10000,2,"C_richardson",2,"observed",TRUE,NA,9.04144476095056e-10,1.34936841151679e-07,6.74684228477792e-08,3.64663613149499e-16,TRUE,0.00490010941102618,0,20000.0026987372,4081542.06676275,18,0.00199999999999978
"lognormal","poca_disp",10000,3,"A",2,"observed",TRUE,NA,9.11274737686134e-10,1.80979799453705e-07,9.04899038827674e-08,8.81241392128617e-17,TRUE,0.00502776467638143,0,20000.0036195966,3977911.63777874,9,0.000999999999999446
"lognormal","poca_disp",10000,3,"B",2,"observed",TRUE,NA,3.96875839144249e-08,7.51390561699908e-06,3.75694575109449e-06,2.9843077553159e-15,TRUE,0.00502772591642642,0,19999.8497230168,3977911.6856903,9,0.000999999999999446
"lognormal","poca_disp",10000,3,"C_richardson",2,"observed",TRUE,NA,2.31066984467826e-09,4.46256137330911e-07,2.23128093576487e-07,5.58119400040541e-16,TRUE,0.0050277660059769,0,20000.0089251267,3977911.63957231,18,0.00199999999999978
"lognormal","muy_dispersa",100,1,"A",2,"observed",TRUE,NA,9.22222728413632e-08,4.75968131090346e-07,2.37984037302893e-07,3.31903693044186e-09,TRUE,0.0640914479383711,0,12.8182888946447,199.99998309406,9,0
"lognormal","muy_dispersa",100,1,"B",2,"observed",TRUE,NA,7.59774902273794e-05,0.000240700817940073,0.000120343167731087,0,TRUE,0.0640808293536693,0,12.815210364125,199.98508904116,9,0
"lognormal","muy_dispersa",100,1,"C_richardson",2,"observed",TRUE,NA,9.25722953304714e-07,2.37454399824742e-06,1.18727129426857e-06,2.17581901300642e-08,TRUE,0.0640913679358663,0,12.8182645582084,199.999819181828,18,0
"lognormal","muy_dispersa",100,2,"A",2,"observed",TRUE,NA,5.55301644436822e-08,3.9767894898522e-08,1.98839476861597e-08,4.64516571935802e-09,TRUE,0.0779872188021019,0,15.597445248032,200.000007629395,9,0
"lognormal","muy_dispersa",100,2,"B",2,"observed",TRUE,NA,1.94814072221254e-05,9.35023816704413e-05,4.67522837232322e-05,9.43735416094136e-07,TRUE,0.0779923487970977,0,15.5989031617797,200.003231377286,9,0
"lognormal","muy_dispersa",100,2,"C_richardson",2,"observed",TRUE,NA,3.55360626978177e-07,4.49511692855099e-07,2.24755821247472e-07,1.80645486233397e-08,TRUE,0.0779871955176559,0,15.5974376165237,199.999936421715,18,0.000999999999999446
"lognormal","muy_dispersa",100,3,"A",2,"observed",TRUE,NA,6.77646476393615e-08,3.85226500115617e-07,1.92613268567025e-07,1.48809178649772e-09,TRUE,0.0868812456313201,0,17.3762485065715,199.999988555908,9,0.00100000000000033
"lognormal","muy_dispersa",100,3,"B",2,"observed",TRUE,NA,2.03837226824436e-05,0.000125657355503102,6.2830651596979e-05,6.04637249057668e-07,TRUE,0.0868899626447484,0,17.3784255394111,200.003231374156,9,0
"lognormal","muy_dispersa",100,3,"C_richardson",2,"observed",TRUE,NA,3.5319406796917e-07,8.83775747740545e-07,4.41887971550053e-07,1.9014501033207e-08,TRUE,0.0868812867726161,0,17.3762571694944,199.999942779545,18,0.00100000000000033
"lognormal","muy_dispersa",1000,1,"A",2,"observed",TRUE,NA,6.55482033129411e-07,1.84015675657763e-06,9.2007795491115e-07,2.37194377026389e-10,TRUE,0.0790991283865,0,158.198160110754,1999.99871826172,9,0
"lognormal","muy_dispersa",1000,1,"B",2,"observed",TRUE,NA,7.1731590378373e-05,0.000506631722839796,0.000253283785081917,3.85772409626862e-07,TRUE,0.0790592057631607,0,158.118343350351,1999.90209848522,9,0
"lognormal","muy_dispersa",1000,1,"C_richardson",2,"observed",TRUE,NA,1.31060557836954e-06,5.03909668233286e-06,2.51954516712809e-06,7.11585841704475e-10,TRUE,0.0790989189104685,0,158.197654046893,1999.9974975586,18,0.000999999999999446
"lognormal","muy_dispersa",1000,2,"A",2,"observed",TRUE,NA,2.62998518283258e-07,1.16591006792932e-06,5.82954864184751e-07,3.56221724118802e-10,TRUE,0.0810792247978326,0,162.15841755016,1999.99951171875,9,0.00100000000000033
"lognormal","muy_dispersa",1000,2,"B",2,"observed",TRUE,NA,5.04464309236475e-05,0.000417746471710865,0.000208851426396374,9.65500314859174e-08,TRUE,0.0810473876312066,0,162.090893706341,1999.92690043487,9,0
"lognormal","muy_dispersa",1000,2,"C_richardson",2,"observed",TRUE,NA,1.59680714388232e-06,4.92390671569703e-06,2.46195032734669e-06,1.38531371467268e-09,TRUE,0.081079014778727,0,162.157808162369,1999.9969075521,18,0
"lognormal","muy_dispersa",1000,3,"A",2,"observed",TRUE,NA,4.00524988704438e-07,3.96728697787373e-07,1.98364329166257e-07,7.11934547810262e-10,TRUE,0.0784705413734722,0,156.941034377429,1999.99920654297,9,0.000999999999999446
"lognormal","muy_dispersa",1000,3,"B",2,"observed",TRUE,NA,2.99766643201253e-05,0.000172950955146756,8.64717388925652e-05,9.64515860634785e-08,TRUE,0.0784540001029569,0,156.913876364082,2000.05091613364,9,0
"lognormal","muy_dispersa",1000,3,"C_richardson",2,"observed",TRUE,NA,1.49321872218327e-06,1.49536356472537e-06,7.47681502755542e-07,7.91040214316649e-11,TRUE,0.0784705386466394,0,156.940844153382,1999.99700927734,18,0.00100000000000033
"lognormal","muy_dispersa",10000,1,"A",2,"observed",TRUE,NA,8.537772302555e-07,8.54492939709814e-07,4.27246378650121e-07,6.47112097560983e-11,TRUE,0.080901692521425,0,1618.0326041255,19999.9829101563,9,0.00200000000000067
"lognormal","muy_dispersa",10000,1,"B",2,"observed",TRUE,NA,0.000125110336795597,0.000684686601282789,0.000342401920178857,4.12999008442442e-08,TRUE,0.0809612857725911,0,1619.14117976549,19997.8800433076,9,0.00100000000000033
"lognormal","muy_dispersa",10000,1,"C_richardson",2,"observed",TRUE,NA,5.37576479445466e-06,3.11669485762143e-05,1.55833528676146e-05,1.60551026913493e-09,TRUE,0.080899305101809,0,1617.98214919958,19999.9093424717,18,0.00300000000000011
"lognormal","muy_dispersa",10000,2,"A",2,"observed",TRUE,NA,7.61599636829029e-07,7.56836578566773e-07,3.78418217657077e-07,1.1647274639367e-10,TRUE,0.0791808342670574,0,1583.61571927948,19999.9848632814,9,0.00199999999999978
"lognormal","muy_dispersa",10000,2,"B",2,"observed",TRUE,NA,0.000192335385532981,0.000950392208226788,0.000475083252065174,3.15898861497648e-08,TRUE,0.0791163485448624,0,1582.11228603679,19996.4910602329,9,0.000999999999999446
"lognormal","muy_dispersa",10000,2,"C_richardson",2,"observed",TRUE,NA,7.46199957978568e-06,1.0548470055724e-05,5.27422111919769e-06,4.01190764034196e-10,TRUE,0.0791805087426455,0,1583.59920935727,19999.851399741,18,0.00199999999999978
"lognormal","muy_dispersa",10000,3,"A",2,"observed",TRUE,NA,2.66869674446982e-07,3.22967623267615e-06,1.61483942016153e-06,5.56606944040375e-11,TRUE,0.0810111265835681,0,1620.22268885664,20000.0004882813,9,0.00199999999999978
"lognormal","muy_dispersa",10000,3,"B",2,"observed",TRUE,NA,7.08768996549365e-05,0.000829716520738677,0.000414944349775995,1.88332359115837e-09,TRUE,0.0810760824035723,0,1621.56289358149,20000.4595543062,9,0.00200000000000067
"lognormal","muy_dispersa",10000,3,"C_richardson",2,"observed",TRUE,NA,6.60278456422357e-06,8.26348287826038e-06,4.13174997487697e-06,1.82441310750835e-09,TRUE,0.0810108332534739,0,1620.23084480929,20000.1274414371,18,0.00300000000000011
