"dist","scenario","n","c_step","log10_c","valid","J_fro_rel"
"exponential","rate_1",100,1e-09,-9,TRUE,851.65128291212
"exponential","rate_1",100,3.16227766016838e-09,-8.5,TRUE,55.843418860808
"exponential","rate_1",100,1e-08,-8,TRUE,6.105427357601
"exponential","rate_1",100,3.16227766016838e-08,-7.5,TRUE,0.13686837721616
"exponential","rate_1",100,1e-07,-7,TRUE,0.0478727340814656
"exponential","rate_1",100,3.16227766016838e-07,-6.5,TRUE,0.0023979989928192
"exponential","rate_1",100,1e-06,-6,TRUE,0.000728389044525102
"exponential","rate_1",100,3.16227766016838e-06,-5.5,TRUE,1.78463087650016e-05
"exponential","rate_1",100,1e-05,-5,TRUE,3.63545404965748e-06
"exponential","rate_1",100,3.16227766016838e-05,-4.5,TRUE,3.6695746530313e-07
"exponential","rate_1",100,1e-04,-4,TRUE,1.16860974230804e-08
"exponential","rate_1",100,0.000316227766016838,-3.5,TRUE,8.84392633793141e-09
"exponential","rate_1",100,0.001,-3,TRUE,8.31666966405464e-08
"exponential","rate_1",100,0.00316227766016838,-2.5,TRUE,8.33343506059236e-07
"exponential","rate_1",100,0.01,-2,TRUE,8.33337077210672e-06
"exponential","rate_1",1000,1e-09,-9,TRUE,910.494701772928
"exponential","rate_1",1000,3.16227766016838e-09,-8.5,TRUE,46.4747350886464
"exponential","rate_1",1000,1e-08,-8,TRUE,5.82121026329696
"exponential","rate_1",1000,3.16227766016838e-08,-7.5,TRUE,0.772626324556768
"exponential","rate_1",1000,1e-07,-7,TRUE,0.135980033315718
"exponential","rate_1",1000,3.16227766016838e-07,-6.5,TRUE,0.00499164545908582
"exponential","rate_1",1000,1e-06,-6,TRUE,0.00135366665199399
"exponential","rate_1",1000,3.16227766016838e-06,-5.5,TRUE,3.33127682096119e-05
"exponential","rate_1",1000,1e-05,-5,TRUE,8.30166391108378e-06
"exponential","rate_1",1000,3.16227766016838e-05,-4.5,TRUE,2.61227251019136e-06
"exponential","rate_1",1000,1e-04,-4,TRUE,2.02126102522016e-08
"exponential","rate_1",1000,0.000316227766016838,-3.5,TRUE,2.02271610305615e-09
"exponential","rate_1",1000,0.001,-3,TRUE,8.22856236482039e-08
"exponential","rate_1",1000,0.00316227766016838,-2.5,TRUE,8.33414560361234e-07
"exponential","rate_1",1000,0.01,-2,TRUE,8.33335343486397e-06
"exponential","rate_1",10000,1e-09,-9,TRUE,4366.57456851006
"exponential","rate_1",10000,3.16227766016838e-09,-8.5,TRUE,128.32925824821
"exponential","rate_1",10000,1e-08,-8,TRUE,31.9228198602796
"exponential","rate_1",10000,3.16227766016838e-08,-7.5,TRUE,1.54569682106376
"exponential","rate_1",10000,1e-07,-7,TRUE,0.254214344546199
"exponential","rate_1",10000,3.16227766016838e-07,-6.5,TRUE,0.0814103512093425
"exponential","rate_1",10000,1e-06,-6,TRUE,0.00592229096218944
"exponential","rate_1",10000,3.16227766016838e-06,-5.5,TRUE,0.000792740844190121
"exponential","rate_1",10000,1e-05,-5,TRUE,9.43348277342011e-06
"exponential","rate_1",10000,3.16227766016838e-05,-4.5,TRUE,4.57273563370109e-06
"exponential","rate_1",10000,1e-04,-4,TRUE,2.79920641332865e-07
"exponential","rate_1",10000,0.000316227766016838,-3.5,TRUE,9.43837221711874e-08
"exponential","rate_1",10000,0.001,-3,TRUE,8.00573616288602e-08
"exponential","rate_1",10000,0.00316227766016838,-2.5,TRUE,8.32991645438597e-07
"exponential","rate_1",10000,0.01,-2,TRUE,8.33327794680372e-06
"exponential","rate_pequeno",100,1e-09,-9,TRUE,140.654114643179
"exponential","rate_pequeno",100,3.16227766016838e-09,-8.5,TRUE,1.36090191071966
"exponential","rate_pequeno",100,1e-08,-8,TRUE,0.416541146431793
"exponential","rate_pequeno",100,3.16227766016838e-08,-7.5,TRUE,0.0624058598238452
"exponential","rate_pequeno",100,1e-07,-7,TRUE,0.00133849176558584
"exponential","rate_pequeno",100,3.16227766016838e-07,-6.5,TRUE,0.00086631138344174
"exponential","rate_pequeno",100,1e-06,-6,TRUE,7.22232352458718e-06
"exponential","rate_pequeno",100,3.16227766016838e-06,-5.5,TRUE,2.22128411820677e-06
"exponential","rate_pequeno",100,1e-05,-5,TRUE,5.68652780970069e-07
"exponential","rate_pequeno",100,3.16227766016838e-05,-4.5,TRUE,7.28633798985356e-08
"exponential","rate_pequeno",100,1e-04,-4,TRUE,4.28208142011499e-08
"exponential","rate_pequeno",100,0.000316227766016838,-3.5,TRUE,4.01913994494407e-07
"exponential","rate_pequeno",100,0.001,-3,TRUE,4.01284263986668e-06
"exponential","rate_pequeno",100,0.00316227766016838,-2.5,TRUE,4.01289780701575e-05
"exponential","rate_pequeno",100,0.01,-2,TRUE,0.000401347633115563
"exponential","rate_pequeno",1000,1e-09,-9,TRUE,39.4567895582844
"exponential","rate_pequeno",1000,3.16227766016838e-09,-8.5,TRUE,6.76851843374266
"exponential","rate_pequeno",1000,1e-08,-8,TRUE,2.7305555301228
"exponential","rate_pequeno",1000,3.16227766016838e-08,-7.5,TRUE,0.192407419276027
"exponential","rate_pequeno",1000,1e-07,-7,TRUE,0.00589198991834724
"exponential","rate_pequeno",1000,3.16227766016838e-07,-6.5,TRUE,0.00358458254485004
"exponential","rate_pequeno",1000,1e-06,-6,TRUE,0.000142699879383827
"exponential","rate_pequeno",1000,3.16227766016838e-06,-5.5,TRUE,6.00177818336078e-05
"exponential","rate_pequeno",1000,1e-05,-5,TRUE,1.94802960049856e-06
"exponential","rate_pequeno",1000,3.16227766016838e-05,-4.5,TRUE,3.32844439185465e-07
"exponential","rate_pequeno",1000,1e-04,-4,TRUE,1.90351853461834e-08
"exponential","rate_pequeno",1000,0.000316227766016838,-3.5,TRUE,3.91873760122507e-07
"exponential","rate_pequeno",1000,0.001,-3,TRUE,3.94135852286581e-06
"exponential","rate_pequeno",1000,0.00316227766016838,-2.5,TRUE,3.94168950723497e-05
"exponential","rate_pequeno",1000,0.01,-2,TRUE,0.000394225189417284
"exponential","rate_pequeno",10000,1e-09,-9,TRUE,880.689944848463
"exponential","rate_pequeno",10000,3.16227766016838e-09,-8.5,TRUE,117.572096031345
"exponential","rate_pequeno",10000,1e-08,-8,TRUE,22.410388190804
"exponential","rate_pequeno",10000,3.16227766016838e-08,-7.5,TRUE,2.61796908403335
"exponential","rate_pequeno",10000,1e-07,-7,TRUE,0.140116307993703
"exponential","rate_pequeno",10000,3.16227766016838e-07,-6.5,TRUE,0.0163756846994535
"exponential","rate_pequeno",10000,1e-06,-6,TRUE,0.000748490504553047
"exponential","rate_pequeno",10000,3.16227766016838e-06,-5.5,TRUE,0.000219476537644186
"exponential","rate_pequeno",10000,1e-05,-5,TRUE,1.45596332202331e-05
"exponential","rate_pequeno",10000,3.16227766016838e-05,-4.5,TRUE,2.0943615862052e-06
"exponential","rate_pequeno",10000,1e-04,-4,TRUE,3.24901076237438e-07
"exponential","rate_pequeno",10000,0.000316227766016838,-3.5,TRUE,4.13678132827044e-07
"exponential","rate_pequeno",10000,0.001,-3,TRUE,3.99063343302259e-06
"exponential","rate_pequeno",10000,0.00316227766016838,-2.5,TRUE,3.98868609558122e-05
"exponential","rate_pequeno",10000,0.01,-2,TRUE,0.000398924149150844
"exponential","rate_grande",100,1e-09,-9,TRUE,145.97645288581
"exponential","rate_grande",100,3.16227766016838e-09,-8.5,TRUE,16.6371743462972
"exponential","rate_grande",100,1e-08,-8,TRUE,1.9395290577162
"exponential","rate_grande",100,3.16227766016838e-08,-7.5,TRUE,0.0876257513549952
"exponential","rate_grande",100,1e-07,-7,TRUE,0.01413752491209
"exponential","rate_grande",100,3.16227766016838e-07,-6.5,TRUE,0.00120359705813854
"exponential","rate_grande",100,1e-06,-6,TRUE,8.6576016206692e-05
"exponential","rate_grande",100,3.16227766016838e-06,-5.5,TRUE,7.20873164823388e-06
"exponential","rate_grande",100,1e-05,-5,TRUE,1.62362643848724e-06
"exponential","rate_grande",100,3.16227766016838e-05,-4.5,TRUE,2.12652490887422e-07
"exponential","rate_grande",100,1e-04,-4,TRUE,4.21598053890193e-08
"exponential","rate_grande",100,0.000316227766016838,-3.5,TRUE,3.23472736312169e-07
"exponential","rate_grande",100,0.001,-3,TRUE,3.22299480345123e-06
"exponential","rate_grande",100,0.00316227766016838,-2.5,TRUE,3.22297531272397e-05
"exponential","rate_grande",100,0.01,-2,TRUE,0.000322334783027713
"exponential","rate_grande",1000,1e-09,-9,TRUE,1
"exponential","rate_grande",1000,3.16227766016838e-09,-8.5,TRUE,29.2743044809685
"exponential","rate_grande",1000,1e-08,-8,TRUE,5.0548608961937
"exponential","rate_grande",1000,3.16227766016838e-08,-7.5,TRUE,0.141108399667274
"exponential","rate_grande",1000,1e-07,-7,TRUE,0.00370963317672431
"exponential","rate_grande",1000,3.16227766016838e-07,-6.5,TRUE,0.00394251244196266
"exponential","rate_grande",1000,1e-06,-6,TRUE,0.000332883830770015
"exponential","rate_grande",1000,3.16227766016838e-06,-5.5,TRUE,2.08256153509865e-05
"exponential","rate_grande",1000,1e-05,-5,TRUE,2.89391192711719e-06
"exponential","rate_grande",1000,3.16227766016838e-05,-4.5,TRUE,9.93607443433575e-08
"exponential","rate_grande",1000,1e-04,-4,TRUE,8.07304031695821e-08
"exponential","rate_grande",1000,0.000316227766016838,-3.5,TRUE,3.22459080848603e-07
"exponential","rate_grande",1000,0.001,-3,TRUE,3.25480492472252e-06
"exponential","rate_grande",1000,0.00316227766016838,-2.5,TRUE,3.25457301322558e-05
"exponential","rate_grande",1000,0.01,-2,TRUE,0.000325495242841953
"exponential","rate_grande",10000,1e-09,-9,TRUE,394.490040057485
"exponential","rate_grande",10000,3.16227766016838e-09,-8.5,TRUE,19.8328590503564
"exponential","rate_grande",10000,1e-08,-8,TRUE,0.435014228489308
"exponential","rate_grande",10000,3.16227766016838e-08,-7.5,TRUE,0.20901991988503
"exponential","rate_grande",10000,1e-07,-7,TRUE,0.112972338728213
"exponential","rate_grande",10000,3.16227766016838e-07,-6.5,TRUE,0.0095799425417561
"exponential","rate_grande",10000,1e-06,-6,TRUE,6.24812920263139e-05
"exponential","rate_grande",10000,3.16227766016838e-06,-5.5,TRUE,4.10994327503431e-05
"exponential","rate_grande",10000,1e-05,-5,TRUE,7.30101500848832e-06
"exponential","rate_grande",10000,3.16227766016838e-05,-4.5,TRUE,3.32857160174171e-07
"exponential","rate_grande",10000,1e-04,-4,TRUE,1.09715027429047e-07
"exponential","rate_grande",10000,0.000316227766016838,-3.5,TRUE,3.17414215714962e-07
"exponential","rate_grande",10000,0.001,-3,TRUE,3.21935063384444e-06
"exponential","rate_grande",10000,0.00316227766016838,-2.5,TRUE,3.21955725024964e-05
"exponential","rate_grande",10000,0.01,-2,TRUE,0.000321994585133689
"poisson","lambda_1",100,1e-09,-9,TRUE,2533.6275730063
"poisson","lambda_1",100,3.16227766016838e-09,-8.5,TRUE,197.982144567156
"poisson","lambda_1",100,1e-08,-8,TRUE,9.44209191002099
"poisson","lambda_1",100,3.16227766016838e-08,-7.5,TRUE,2.12561225466947
"poisson","lambda_1",100,1e-07,-7,TRUE,0.0432295835309541
"poisson","lambda_1",100,3.16227766016838e-07,-6.5,TRUE,0.0291594303475857
"poisson","lambda_1",100,1e-06,-6,TRUE,0.000174914789847144
"poisson","lambda_1",100,3.16227766016838e-06,-5.5,TRUE,0.000287476015314091
"poisson","lambda_1",100,1e-05,-5,TRUE,3.98413192869492e-05
"poisson","lambda_1",100,3.16227766016838e-05,-4.5,TRUE,2.41471181904879e-06
"poisson","lambda_1",100,1e-04,-4,TRUE,1.91627616076592e-07
"poisson","lambda_1",100,0.000316227766016838,-3.5,TRUE,1.71577167435262e-08
"poisson","lambda_1",100,0.001,-3,TRUE,8.27403709990904e-08
"poisson","lambda_1",100,0.00316227766016838,-2.5,TRUE,8.33326762578355e-07
"poisson","lambda_1",100,0.01,-2,TRUE,8.33333186813317e-06
"poisson","lambda_1",1000,1e-09,-9,TRUE,2757.04455082706
"poisson","lambda_1",1000,3.16227766016838e-09,-8.5,TRUE,1953.1982235025
"poisson","lambda_1",1000,1e-08,-8,TRUE,173.252784426691
"poisson","lambda_1",1000,3.16227766016838e-08,-7.5,TRUE,18.2252784426691
"poisson","lambda_1",1000,1e-07,-7,TRUE,0.150219596828325
"poisson","lambda_1",1000,3.16227766016838e-07,-6.5,TRUE,0.106582224773563
"poisson","lambda_1",1000,1e-06,-6,TRUE,0.0381404517613577
"poisson","lambda_1",1000,3.16227766016838e-06,-5.5,TRUE,0.00295494966246552
"poisson","lambda_1",1000,1e-05,-5,TRUE,0.00044924582500549
"poisson","lambda_1",1000,3.16227766016838e-05,-4.5,TRUE,4.83364118462755e-06
"poisson","lambda_1",1000,1e-04,-4,TRUE,2.03166255783854e-06
"poisson","lambda_1",1000,0.000316227766016838,-3.5,TRUE,9.554126099737e-08
"poisson","lambda_1",1000,0.001,-3,TRUE,7.90082273365121e-08
"poisson","lambda_1",1000,0.00316227766016838,-2.5,TRUE,8.30397839928826e-07
"poisson","lambda_1",1000,0.01,-2,TRUE,8.33299877786435e-06
"poisson","lambda_1",10000,1e-09,-9,TRUE,347973.762813765
"poisson","lambda_1",10000,3.16227766016838e-09,-8.5,TRUE,38376.9108963604
"poisson","lambda_1",10000,1e-08,-8,TRUE,4205.44609539319
"poisson","lambda_1",10000,3.16227766016838e-08,-7.5,TRUE,261.21529084833
"poisson","lambda_1",10000,1e-07,-7,TRUE,19.2348517567523
"poisson","lambda_1",10000,3.16227766016838e-07,-6.5,TRUE,3.64171570322181
"poisson","lambda_1",10000,1e-06,-6,TRUE,0.291466312410215
"poisson","lambda_1",10000,3.16227766016838e-06,-5.5,TRUE,0.0326716855547685
"poisson","lambda_1",10000,1e-05,-5,TRUE,0.00201951117667761
"poisson","lambda_1",10000,3.16227766016838e-05,-4.5,TRUE,0.000342048679764354
"poisson","lambda_1",10000,1e-04,-4,TRUE,4.0004725024303e-05
"poisson","lambda_1",10000,0.000316227766016838,-3.5,TRUE,5.26139800847903e-06
"poisson","lambda_1",10000,0.001,-3,TRUE,5.17639088445793e-07
"poisson","lambda_1",10000,0.00316227766016838,-2.5,TRUE,7.86980034233804e-07
"poisson","lambda_1",10000,0.01,-2,TRUE,8.33067346688358e-06
"poisson","lambda_pequeno",100,1e-09,-9,TRUE,3256.43206505347
"poisson","lambda_pequeno",100,3.16227766016838e-09,-8.5,TRUE,153.299413607796
"poisson","lambda_pequeno",100,1e-08,-8,TRUE,15.2871603252673
"poisson","lambda_pequeno",100,3.16227766016838e-08,-7.5,TRUE,1.14304741121939
"poisson","lambda_pequeno",100,1e-07,-7,TRUE,0.388694722470162
"poisson","lambda_pequeno",100,3.16227766016838e-07,-6.5,TRUE,0.0183761298114518
"poisson","lambda_pequeno",100,1e-06,-6,TRUE,0.00174608190038938
"poisson","lambda_pequeno",100,3.16227766016838e-06,-5.5,TRUE,0.000194515574666543
"poisson","lambda_pequeno",100,1e-05,-5,TRUE,3.16439714136418e-05
"poisson","lambda_pequeno",100,3.16227766016838e-05,-4.5,TRUE,3.27002368916141e-06
"poisson","lambda_pequeno",100,1e-04,-4,TRUE,2.86901692625463e-07
"poisson","lambda_pequeno",100,0.000316227766016838,-3.5,TRUE,1.07742929245092e-07
"poisson","lambda_pequeno",100,0.001,-3,TRUE,8.65438771979754e-07
"poisson","lambda_pequeno",100,0.00316227766016838,-2.5,TRUE,8.63456854660605e-06
"poisson","lambda_pequeno",100,0.01,-2,TRUE,8.63460289395324e-05
"poisson","lambda_pequeno",1000,1e-09,-9,TRUE,30929.0048365308
"poisson","lambda_pequeno",1000,3.16227766016838e-09,-8.5,TRUE,1780.15739162724
"poisson","lambda_pequeno",1000,1e-08,-8,TRUE,136.828144952187
"poisson","lambda_pequeno",1000,3.16227766016838e-08,-7.5,TRUE,0.362309178628231
"poisson","lambda_pequeno",1000,1e-07,-7,TRUE,2.56871942057455
"poisson","lambda_pequeno",1000,3.16227766016838e-07,-6.5,TRUE,0.074710618189563
"poisson","lambda_pequeno",1000,1e-06,-6,TRUE,0.0154691408841257
"poisson","lambda_pequeno",1000,3.16227766016838e-06,-5.5,TRUE,0.000400506775110811
"poisson","lambda_pequeno",1000,1e-05,-5,TRUE,0.000258939412766634
"poisson","lambda_pequeno",1000,3.16227766016838e-05,-4.5,TRUE,2.54170339802068e-05
"poisson","lambda_pequeno",1000,1e-04,-4,TRUE,3.74915425036492e-07
"poisson","lambda_pequeno",1000,0.000316227766016838,-3.5,TRUE,5.14830467599662e-09
"poisson","lambda_pequeno",1000,0.001,-3,TRUE,7.37663751324966e-07
"poisson","lambda_pequeno",1000,0.00316227766016838,-2.5,TRUE,7.57795637716011e-06
"poisson","lambda_pequeno",1000,0.01,-2,TRUE,7.58009887809234e-05
"poisson","lambda_pequeno",10000,1e-09,-9,TRUE,52421.2307638752
"poisson","lambda_pequeno",10000,3.16227766016838e-09,-8.5,TRUE,4387.60437620948
"poisson","lambda_pequeno",10000,1e-08,-8,TRUE,2045.66785125
"poisson","lambda_pequeno",10000,3.16227766016838e-08,-7.5,TRUE,40.0741233379788
"poisson","lambda_pequeno",10000,1e-07,-7,TRUE,3.15762519851424
"poisson","lambda_pequeno",10000,3.16227766016838e-07,-6.5,TRUE,0.392424336932098
"poisson","lambda_pequeno",10000,1e-06,-6,TRUE,0.1984018276681
"poisson","lambda_pequeno",10000,3.16227766016838e-06,-5.5,TRUE,0.0167417256972687
"poisson","lambda_pequeno",10000,1e-05,-5,TRUE,6.25116087064504e-05
"poisson","lambda_pequeno",10000,3.16227766016838e-05,-4.5,TRUE,9.44538063967803e-05
"poisson","lambda_pequeno",10000,1e-04,-4,TRUE,2.47388080943903e-06
"poisson","lambda_pequeno",10000,0.000316227766016838,-3.5,TRUE,2.04506294436915e-06
"poisson","lambda_pequeno",10000,0.001,-3,TRUE,8.01303504808308e-07
"poisson","lambda_pequeno",10000,0.00316227766016838,-2.5,TRUE,7.34335688224718e-06
"poisson","lambda_pequeno",10000,0.01,-2,TRUE,7.34154106118963e-05
"poisson","lambda_grande",100,1e-09,-9,TRUE,0.420444041259366
"poisson","lambda_grande",100,3.16227766016838e-09,-8.5,TRUE,0.0389989560222998
"poisson","lambda_grande",100,1e-08,-8,TRUE,0.0014928493148898
"poisson","lambda_grande",100,3.16227766016838e-08,-7.5,TRUE,0.000726767135334248
"poisson","lambda_grande",100,1e-07,-7,TRUE,5.48492236824839e-05
"poisson","lambda_grande",100,3.16227766016838e-07,-6.5,TRUE,4.41548019469428e-06
"poisson","lambda_grande",100,1e-06,-6,TRUE,3.73724738907409e-08
"poisson","lambda_grande",100,3.16227766016838e-06,-5.5,TRUE,5.04077761609136e-08
"poisson","lambda_grande",100,1e-05,-5,TRUE,4.92164620064776e-09
"poisson","lambda_grande",100,3.16227766016838e-05,-4.5,TRUE,3.74060306357141e-09
"poisson","lambda_grande",100,1e-04,-4,TRUE,3.72407381424055e-08
"poisson","lambda_grande",100,0.000316227766016838,-3.5,TRUE,3.72059189630587e-07
"poisson","lambda_grande",100,0.001,-3,TRUE,3.72052418103127e-06
"poisson","lambda_grande",100,0.00316227766016838,-2.5,TRUE,3.72057373911871e-05
"poisson","lambda_grande",100,0.01,-2,TRUE,0.000372107210509945
"poisson","lambda_grande",1000,1e-09,-9,TRUE,0.465256647524011
"poisson","lambda_grande",1000,3.16227766016838e-09,-8.5,TRUE,0.0272763778770114
"poisson","lambda_grande",1000,1e-08,-8,TRUE,0.00328038512161678
"poisson","lambda_grande",1000,3.16227766016838e-08,-7.5,TRUE,0.000233642623225378
"poisson","lambda_grande",1000,1e-07,-7,TRUE,3.17229001385056e-06
"poisson","lambda_grande",1000,3.16227766016838e-07,-6.5,TRUE,8.03185641886573e-06
"poisson","lambda_grande",1000,1e-06,-6,TRUE,1.07061318289866e-08
"poisson","lambda_grande",1000,3.16227766016838e-06,-5.5,TRUE,7.18196578174136e-08
"poisson","lambda_grande",1000,1e-05,-5,TRUE,7.75184290889529e-10
"poisson","lambda_grande",1000,3.16227766016838e-05,-4.5,TRUE,3.2735870026049e-09
"poisson","lambda_grande",1000,1e-04,-4,TRUE,3.71915941788224e-08
"poisson","lambda_grande",1000,0.000316227766016838,-3.5,TRUE,3.72288770841497e-07
"poisson","lambda_grande",1000,0.001,-3,TRUE,3.72294692110486e-06
"poisson","lambda_grande",1000,0.00316227766016838,-2.5,TRUE,3.72299777041602e-05
"poisson","lambda_grande",1000,0.01,-2,TRUE,0.000372349679863457
"poisson","lambda_grande",10000,1e-09,-9,TRUE,13.1086597277836
"poisson","lambda_grande",10000,3.16227766016838e-09,-8.5,TRUE,0.599091434222962
"poisson","lambda_grande",10000,1e-08,-8,TRUE,0.109860879843266
"poisson","lambda_grande",10000,3.16227766016838e-08,-7.5,TRUE,0.00772077366890266
"poisson","lambda_grande",10000,1e-07,-7,TRUE,0.00100301135606009
"poisson","lambda_grande",10000,3.16227766016838e-07,-6.5,TRUE,2.37362197561857e-05
"poisson","lambda_grande",10000,1e-06,-6,TRUE,6.438134430447e-06
"poisson","lambda_grande",10000,3.16227766016838e-06,-5.5,TRUE,8.21344371873759e-07
"poisson","lambda_grande",10000,1e-05,-5,TRUE,4.67971631300818e-08
"poisson","lambda_grande",10000,3.16227766016838e-05,-4.5,TRUE,3.14493628084561e-09
"poisson","lambda_grande",10000,1e-04,-4,TRUE,3.65735027628744e-08
"poisson","lambda_grande",10000,0.000316227766016838,-3.5,TRUE,3.72353759745808e-07
"poisson","lambda_grande",10000,0.001,-3,TRUE,3.72380080955849e-06
"poisson","lambda_grande",10000,0.00316227766016838,-2.5,TRUE,3.72386053953983e-05
"poisson","lambda_grande",10000,0.01,-2,TRUE,0.000372435984315618
"geometric","p_media",100,1e-09,-9,TRUE,3830.66749358039
"geometric","p_media",100,3.16227766016838e-09,-8.5,TRUE,491.642963460336
"geometric","p_media",100,1e-08,-8,TRUE,20.8952428204594
"geometric","p_media",100,3.16227766016838e-08,-7.5,TRUE,8.30547819869524
"geometric","p_media",100,1e-07,-7,TRUE,0.313714569227563
"geometric","p_media",100,3.16227766016838e-07,-6.5,TRUE,0.0126549804462465
"geometric","p_media",100,1e-06,-6,TRUE,0.00280212117703969
"geometric","p_media",100,3.16227766016838e-06,-5.5,TRUE,0.000284168252686862
"geometric","p_media",100,1e-05,-5,TRUE,4.33205816616717e-05
"geometric","p_media",100,3.16227766016838e-05,-4.5,TRUE,1.71962030293571e-06
"geometric","p_media",100,1e-04,-4,TRUE,2.96429519605849e-07
"geometric","p_media",100,0.000316227766016838,-3.5,TRUE,1.7265173508147e-08
"geometric","p_media",100,0.001,-3,TRUE,3.80203144766677e-08
"geometric","p_media",100,0.00316227766016838,-2.5,TRUE,4.14125848161954e-07
"geometric","p_media",100,0.01,-2,TRUE,4.14807487289779e-06
"geometric","p_media",1000,1e-09,-9,TRUE,8505.24308286076
"geometric","p_media",1000,3.16227766016838e-09,-8.5,TRUE,4119.81244012205
"geometric","p_media",1000,1e-08,-8,TRUE,292.00305283471
"geometric","p_media",1000,3.16227766016838e-08,-7.5,TRUE,9.29703110030513
"geometric","p_media",1000,1e-07,-7,TRUE,4.4024972331443
"geometric","p_media",1000,3.16227766016838e-07,-6.5,TRUE,0.086698111103371
"geometric","p_media",1000,1e-06,-6,TRUE,0.0207491699432911
"geometric","p_media",1000,3.16227766016838e-06,-5.5,TRUE,0.00145660147301894
"geometric","p_media",1000,1e-05,-5,TRUE,0.000247819561244211
"geometric","p_media",1000,3.16227766016838e-05,-4.5,TRUE,8.39624576480511e-05
"geometric","p_media",1000,1e-04,-4,TRUE,8.03304570829791e-06
"geometric","p_media",1000,0.000316227766016838,-3.5,TRUE,3.19226323268214e-07
"geometric","p_media",1000,0.001,-3,TRUE,7.25452737533276e-08
"geometric","p_media",1000,0.00316227766016838,-2.5,TRUE,4.12123451673141e-07
"geometric","p_media",1000,0.01,-2,TRUE,4.16357811475477e-06
"geometric","p_media",10000,1e-09,-9,TRUE,1008944.70885039
"geometric","p_media",10000,3.16227766016838e-09,-8.5,TRUE,56973.242391552
"geometric","p_media",10000,1e-08,-8,TRUE,5716.29918915252
"geometric","p_media",10000,3.16227766016838e-08,-7.5,TRUE,946.681383859772
"geometric","p_media",10000,1e-07,-7,TRUE,114.113037083227
"geometric","p_media",10000,3.16227766016838e-07,-6.5,TRUE,1.95074236985902
"geometric","p_media",10000,1e-06,-6,TRUE,0.0946189718376875
"geometric","p_media",10000,3.16227766016838e-06,-5.5,TRUE,0.0639344895388018
"geometric","p_media",10000,1e-05,-5,TRUE,0.00817326879707039
"geometric","p_media",10000,3.16227766016838e-05,-4.5,TRUE,0.000542747906201682
"geometric","p_media",10000,1e-04,-4,TRUE,2.47198392784967e-05
"geometric","p_media",10000,0.000316227766016838,-3.5,TRUE,2.92867956172792e-06
"geometric","p_media",10000,0.001,-3,TRUE,1.03767829300832e-06
"geometric","p_media",10000,0.00316227766016838,-2.5,TRUE,4.56893999694438e-07
"geometric","p_media",10000,0.01,-2,TRUE,4.16953210902392e-06
"geometric","p_pequena",100,1e-09,-9,TRUE,335.77383829324
"geometric","p_pequena",100,3.16227766016838e-09,-8.5,TRUE,4.61289730488733
"geometric","p_pequena",100,1e-08,-8,TRUE,1.24515892195493
"geometric","p_pequena",100,3.16227766016838e-08,-7.5,TRUE,0.122579460977467
"geometric","p_pequena",100,1e-07,-7,TRUE,0.00470861757483263
"geometric","p_pequena",100,3.16227766016838e-07,-6.5,TRUE,0.000218299730922953
"geometric","p_pequena",100,1e-06,-6,TRUE,6.23451343213302e-05
"geometric","p_pequena",100,3.16227766016838e-06,-5.5,TRUE,1.0622530641919e-05
"geometric","p_pequena",100,1e-05,-5,TRUE,1.08060522362147e-06
"geometric","p_pequena",100,3.16227766016838e-05,-4.5,TRUE,1.26412681849174e-07
"geometric","p_pequena",100,1e-04,-4,TRUE,1.41547355724174e-08
"geometric","p_pequena",100,0.000316227766016838,-3.5,TRUE,1.59528775781035e-07
"geometric","p_pequena",100,0.001,-3,TRUE,1.59755306549764e-06
"geometric","p_pequena",100,0.00316227766016838,-2.5,TRUE,1.59761289300829e-05
"geometric","p_pequena",100,0.01,-2,TRUE,0.000159768424917873
"geometric","p_pequena",1000,1e-09,-9,TRUE,692.110001468964
"geometric","p_pequena",1000,3.16227766016838e-09,-8.5,TRUE,87.3887501836205
"geometric","p_pequena",1000,1e-08,-8,TRUE,13.526368776625
"geometric","p_pequena",1000,3.16227766016838e-08,-7.5,TRUE,0.308889998531036
"geometric","p_pequena",1000,1e-07,-7,TRUE,0.0885986855628039
"geometric","p_pequena",1000,3.16227766016838e-07,-6.5,TRUE,0.00480159788469192
"geometric","p_pequena",1000,1e-06,-6,TRUE,0.00100049287661262
"geometric","p_pequena",1000,3.16227766016838e-06,-5.5,TRUE,0.00019167187592129
"geometric","p_pequena",1000,1e-05,-5,TRUE,6.59030575033348e-06
"geometric","p_pequena",1000,3.16227766016838e-05,-4.5,TRUE,1.36378636437316e-06
"geometric","p_pequena",1000,1e-04,-4,TRUE,5.93162363850148e-08
"geometric","p_pequena",1000,0.000316227766016838,-3.5,TRUE,1.59247301706513e-07
"geometric","p_pequena",1000,0.001,-3,TRUE,1.66798362925622e-06
"geometric","p_pequena",1000,0.00316227766016838,-2.5,TRUE,1.6684961670803e-05
"geometric","p_pequena",1000,0.01,-2,TRUE,0.000166858768234632
"geometric","p_pequena",10000,1e-09,-9,TRUE,5747.64831895984
"geometric","p_pequena",10000,3.16227766016838e-09,-8.5,TRUE,125.626108122021
"geometric","p_pequena",10000,1e-08,-8,TRUE,11.7316926438407
"geometric","p_pequena",10000,3.16227766016838e-08,-7.5,TRUE,4.91187506049676
"geometric","p_pequena",10000,1e-07,-7,TRUE,1.58158850456943
"geometric","p_pequena",10000,3.16227766016838e-07,-6.5,TRUE,0.0781129835307195
"geometric","p_pequena",10000,1e-06,-6,TRUE,0.00711072026453472
"geometric","p_pequena",10000,3.16227766016838e-06,-5.5,TRUE,0.000405143280302731
"geometric","p_pequena",10000,1e-05,-5,TRUE,5.89596466309694e-05
"geometric","p_pequena",10000,3.16227766016838e-05,-4.5,TRUE,5.05885486801296e-06
"geometric","p_pequena",10000,1e-04,-4,TRUE,4.6153621260153e-07
"geometric","p_pequena",10000,0.000316227766016838,-3.5,TRUE,1.24206495469585e-07
"geometric","p_pequena",10000,0.001,-3,TRUE,1.65870007028374e-06
"geometric","p_pequena",10000,0.00316227766016838,-2.5,TRUE,1.6650819303928e-05
"geometric","p_pequena",10000,0.01,-2,TRUE,0.000166520845011359
"geometric","p_grande",100,1e-09,-9,TRUE,2857.96022444849
"geometric","p_grande",100,3.16227766016838e-09,-8.5,TRUE,256.622756924339
"geometric","p_grande",100,1e-08,-8,TRUE,28.0659389684594
"geometric","p_grande",100,3.16227766016838e-08,-7.5,TRUE,0.578846439826798
"geometric","p_grande",100,1e-07,-7,TRUE,0.225613412846856
"geometric","p_grande",100,3.16227766016838e-07,-6.5,TRUE,0.00307124799507888
"geometric","p_grande",100,1e-06,-6,TRUE,0.00239459952086732
"geometric","p_grande",100,3.16227766016838e-06,-5.5,TRUE,3.77491198679802e-06
"geometric","p_grande",100,1e-05,-5,TRUE,2.18188712991862e-05
"geometric","p_grande",100,3.16227766016838e-05,-4.5,TRUE,3.91669615860123e-07
"geometric","p_grande",100,1e-04,-4,TRUE,2.9356101589606e-08
"geometric","p_grande",100,0.000316227766016838,-3.5,TRUE,1.20639737799521e-08
"geometric","p_grande",100,0.001,-3,TRUE,3.11744064642738e-07
"geometric","p_grande",100,0.00316227766016838,-2.5,TRUE,3.12822567405834e-06
"geometric","p_grande",100,0.01,-2,TRUE,3.12833927571043e-05
"geometric","p_grande",1000,1e-09,-9,TRUE,25753.699890107
"geometric","p_grande",1000,3.16227766016838e-09,-8.5,TRUE,366.197211155552
"geometric","p_grande",1000,1e-08,-8,TRUE,24.9267138343293
"geometric","p_grande",1000,3.16227766016838e-08,-7.5,TRUE,2.77790218436778
"geometric","p_grande",1000,1e-07,-7,TRUE,0.804808387140998
"geometric","p_grande",1000,3.16227766016838e-07,-6.5,TRUE,0.172639421623456
"geometric","p_grande",1000,1e-06,-6,TRUE,5.22568342550828e-05
"geometric","p_grande",1000,3.16227766016838e-06,-5.5,TRUE,0.00140600511698688
"geometric","p_grande",1000,1e-05,-5,TRUE,0.000110814318113001
"geometric","p_grande",1000,3.16227766016838e-05,-4.5,TRUE,1.64926935768329e-05
"geometric","p_grande",1000,1e-04,-4,TRUE,1.07885266457113e-06
"geometric","p_grande",1000,0.000316227766016838,-3.5,TRUE,3.42627101874786e-08
"geometric","p_grande",1000,0.001,-3,TRUE,4.16441020099966e-07
"geometric","p_grande",1000,0.00316227766016838,-2.5,TRUE,4.31757207706936e-06
"geometric","p_grande",1000,0.01,-2,TRUE,4.31797298108169e-05
"geometric","p_grande",10000,1e-09,-9,TRUE,311714.307077249
"geometric","p_grande",10000,3.16227766016838e-09,-8.5,TRUE,7609.54666312715
"geometric","p_grande",10000,1e-08,-8,TRUE,3227.6687197947
"geometric","p_grande",10000,3.16227766016838e-08,-7.5,TRUE,313.622113094416
"geometric","p_grande",10000,1e-07,-7,TRUE,6.68453808901866
"geometric","p_grande",10000,3.16227766016838e-07,-6.5,TRUE,0.557519515016368
"geometric","p_grande",10000,1e-06,-6,TRUE,0.139362256692327
"geometric","p_grande",10000,3.16227766016838e-06,-5.5,TRUE,0.00702859148535422
"geometric","p_grande",10000,1e-05,-5,TRUE,0.00316676756400165
"geometric","p_grande",10000,3.16227766016838e-05,-4.5,TRUE,9.28994773758334e-05
"geometric","p_grande",10000,1e-04,-4,TRUE,1.81575670216363e-05
"geometric","p_grande",10000,0.000316227766016838,-3.5,TRUE,1.84192910262091e-06
"geometric","p_grande",10000,0.001,-3,TRUE,7.36497199818943e-07
"geometric","p_grande",10000,0.00316227766016838,-2.5,TRUE,5.32517060817012e-06
"geometric","p_grande",10000,0.01,-2,TRUE,5.31468359739067e-05
"normal","mu_pos",100,1e-09,-9,TRUE,123.17947802275
"normal","mu_pos",100,3.16227766016838e-09,-8.5,TRUE,3.14011411719279
"normal","mu_pos",100,1e-08,-8,TRUE,1.06982214352163
"normal","mu_pos",100,3.16227766016838e-08,-7.5,TRUE,0.00713992834414523
"normal","mu_pos",100,1e-07,-7,TRUE,0.0024660166245181
"normal","mu_pos",100,3.16227766016838e-07,-6.5,TRUE,0.000845650286558242
"normal","mu_pos",100,1e-06,-6,TRUE,5.9286445967493e-05
"normal","mu_pos",100,3.16227766016838e-06,-5.5,TRUE,2.19539806242437e-05
"normal","mu_pos",100,1e-05,-5,TRUE,4.29711262491787e-07
"normal","mu_pos",100,3.16227766016838e-05,-4.5,TRUE,6.70580738341454e-08
"normal","mu_pos",100,1e-04,-4,TRUE,1.98686522188757e-08
"normal","mu_pos",100,0.000316227766016838,-3.5,TRUE,2.28477131178862e-07
"normal","mu_pos",100,0.001,-3,TRUE,2.28897846701008e-06
"normal","mu_pos",100,0.00316227766016838,-2.5,TRUE,2.28886854595023e-05
"normal","mu_pos",100,0.01,-2,TRUE,0.000228905578515227
"normal","mu_pos",1000,1e-09,-9,TRUE,304.219689224061
"normal","mu_pos",1000,3.16227766016838e-09,-8.5,TRUE,72.2530313838065
"normal","mu_pos",1000,1e-08,-8,TRUE,3.88347524423949
"normal","mu_pos",1000,3.16227766016838e-08,-7.5,TRUE,0.648177893002044
"normal","mu_pos",1000,1e-07,-7,TRUE,0.0499431366134847
"normal","mu_pos",1000,3.16227766016838e-07,-6.5,TRUE,0.000495714684748026
"normal","mu_pos",1000,1e-06,-6,TRUE,6.83130902832869e-05
"normal","mu_pos",1000,3.16227766016838e-06,-5.5,TRUE,3.77522173292445e-05
"normal","mu_pos",1000,1e-05,-5,TRUE,6.61918117692864e-06
"normal","mu_pos",1000,3.16227766016838e-05,-4.5,TRUE,2.70716479495115e-07
"normal","mu_pos",1000,1e-04,-4,TRUE,5.09618657964385e-08
"normal","mu_pos",1000,0.000316227766016838,-3.5,TRUE,2.46909070109552e-07
"normal","mu_pos",1000,0.001,-3,TRUE,2.48297192660166e-06
"normal","mu_pos",1000,0.00316227766016838,-2.5,TRUE,2.48323381164191e-05
"normal","mu_pos",1000,0.01,-2,TRUE,0.00024834467853779
"normal","mu_pos",10000,1e-09,-9,TRUE,54.8947009723561
"normal","mu_pos",10000,3.16227766016838e-09,-8.5,TRUE,133.35346026214
"normal","mu_pos",10000,1e-08,-8,TRUE,12.4348677157476
"normal","mu_pos",10000,3.16227766016838e-08,-7.5,TRUE,0.592130203337928
"normal","mu_pos",10000,1e-07,-7,TRUE,0.104543134538208
"normal","mu_pos",10000,3.16227766016838e-07,-6.5,TRUE,0.00702159798335748
"normal","mu_pos",10000,1e-06,-6,TRUE,0.00110079848957444
"normal","mu_pos",10000,3.16227766016838e-06,-5.5,TRUE,0.000150499344237877
"normal","mu_pos",10000,1e-05,-5,TRUE,6.22726576167299e-06
"normal","mu_pos",10000,3.16227766016838e-05,-4.5,TRUE,2.48018390173448e-06
"normal","mu_pos",10000,1e-04,-4,TRUE,3.72408707288998e-08
"normal","mu_pos",10000,0.000316227766016838,-3.5,TRUE,2.48688087511092e-07
"normal","mu_pos",10000,0.001,-3,TRUE,2.4367154416183e-06
"normal","mu_pos",10000,0.00316227766016838,-2.5,TRUE,2.43732064397048e-05
"normal","mu_pos",10000,0.01,-2,TRUE,0.000243754114789022
"normal","mu_cero",100,1e-09,-9,TRUE,400.933366511451
"normal","mu_cero",100,3.16227766016838e-09,-8.5,TRUE,29.5698243579021
"normal","mu_cero",100,1e-08,-8,TRUE,5.45154739972064
"normal","mu_cero",100,3.16227766016838e-08,-7.5,TRUE,0.268712446044051
"normal","mu_cero",100,1e-07,-7,TRUE,0.0374544466041412
"normal","mu_cero",100,3.16227766016838e-07,-6.5,TRUE,0.00125633597663559
"normal","mu_cero",100,1e-06,-6,TRUE,0.000189212620088997
"normal","mu_cero",100,3.16227766016838e-06,-5.5,TRUE,3.70471210202337e-05
"normal","mu_cero",100,1e-05,-5,TRUE,3.5920307617816e-06
"normal","mu_cero",100,3.16227766016838e-05,-4.5,TRUE,2.01482527181727e-07
"normal","mu_cero",100,1e-04,-4,TRUE,3.76837708826415e-08
"normal","mu_cero",100,0.000316227766016838,-3.5,TRUE,2.82697449093454e-08
"normal","mu_cero",100,0.001,-3,TRUE,2.97696287576056e-07
"normal","mu_cero",100,0.00316227766016838,-2.5,TRUE,2.98125815880535e-06
"normal","mu_cero",100,0.01,-2,TRUE,2.98131239964973e-05
"normal","mu_cero",1000,1e-09,-9,TRUE,483.626348854635
"normal","mu_cero",1000,3.16227766016838e-09,-8.5,TRUE,105.551422676177
"normal","mu_cero",1000,1e-08,-8,TRUE,12.5150731284627
"normal","mu_cero",1000,3.16227766016838e-08,-7.5,TRUE,0.687177772974329
"normal","mu_cero",1000,1e-07,-7,TRUE,0.130041829585507
"normal","mu_cero",1000,3.16227766016838e-07,-6.5,TRUE,0.0118221220187104
"normal","mu_cero",1000,1e-06,-6,TRUE,0.00118905259186889
"normal","mu_cero",1000,3.16227766016838e-06,-5.5,TRUE,0.000102902290236342
"normal","mu_cero",1000,1e-05,-5,TRUE,1.10426502843482e-05
"normal","mu_cero",1000,3.16227766016838e-05,-4.5,TRUE,1.55990827848499e-06
"normal","mu_cero",1000,1e-04,-4,TRUE,1.34497892192093e-07
"normal","mu_cero",1000,0.000316227766016838,-3.5,TRUE,4.22547942576145e-08
"normal","mu_cero",1000,0.001,-3,TRUE,2.95045989496366e-07
"normal","mu_cero",1000,0.00316227766016838,-2.5,TRUE,2.94777199799032e-06
"normal","mu_cero",1000,0.01,-2,TRUE,2.94772325869038e-05
"normal","mu_cero",10000,1e-09,-9,TRUE,4099.10685302359
"normal","mu_cero",10000,3.16227766016838e-09,-8.5,TRUE,531.178617267491
"normal","mu_cero",10000,1e-08,-8,TRUE,64.3096560841182
"normal","mu_cero",10000,3.16227766016838e-08,-7.5,TRUE,3.62741412066923
"normal","mu_cero",10000,1e-07,-7,TRUE,0.660952771055789
"normal","mu_cero",10000,3.16227766016838e-07,-6.5,TRUE,0.0590669328704396
"normal","mu_cero",10000,1e-06,-6,TRUE,0.00636302840188837
"normal","mu_cero",10000,3.16227766016838e-06,-5.5,TRUE,0.000843886749677414
"normal","mu_cero",10000,1e-05,-5,TRUE,5.13782071849449e-05
"normal","mu_cero",10000,3.16227766016838e-05,-4.5,TRUE,5.60853961327632e-06
"normal","mu_cero",10000,1e-04,-4,TRUE,5.91270725533103e-07
"normal","mu_cero",10000,0.000316227766016838,-3.5,TRUE,7.60632711489341e-08
"normal","mu_cero",10000,0.001,-3,TRUE,3.01922989259955e-07
"normal","mu_cero",10000,0.00316227766016838,-2.5,TRUE,2.98128870720381e-06
"normal","mu_cero",10000,0.01,-2,TRUE,2.98157188342926e-05
"normal","mu_neg",100,1e-09,-9,TRUE,93.8026524124502
"normal","mu_neg",100,3.16227766016838e-09,-8.5,TRUE,10.481286958127
"normal","mu_neg",100,1e-08,-8,TRUE,0.896472578002137
"normal","mu_neg",100,3.16227766016838e-08,-7.5,TRUE,0.0521225762857786
"normal","mu_neg",100,1e-07,-7,TRUE,0.00153894535716438
"normal","mu_neg",100,3.16227766016838e-07,-6.5,TRUE,5.49955933172529e-05
"normal","mu_neg",100,1e-06,-6,TRUE,5.45737776614755e-05
"normal","mu_neg",100,3.16227766016838e-06,-5.5,TRUE,3.95533982586415e-06
"normal","mu_neg",100,1e-05,-5,TRUE,1.54617107180312e-07
"normal","mu_neg",100,3.16227766016838e-05,-4.5,TRUE,3.51594444550529e-08
"normal","mu_neg",100,1e-04,-4,TRUE,3.75221461438116e-08
"normal","mu_neg",100,0.000316227766016838,-3.5,TRUE,3.00727410356203e-07
"normal","mu_neg",100,0.001,-3,TRUE,2.99818671564046e-06
"normal","mu_neg",100,0.00316227766016838,-2.5,TRUE,2.99835923607835e-05
"normal","mu_neg",100,0.01,-2,TRUE,0.000299868423291812
"normal","mu_neg",1000,1e-09,-9,TRUE,552.431108427846
"normal","mu_neg",1000,3.16227766016838e-09,-8.5,TRUE,1.46597302659603
"normal","mu_neg",1000,1e-08,-8,TRUE,0.117872733086663
"normal","mu_neg",1000,3.16227766016838e-08,-7.5,TRUE,0.14821034117947
"normal","mu_neg",1000,1e-07,-7,TRUE,0.0174872278603481
"normal","mu_neg",1000,3.16227766016838e-07,-6.5,TRUE,0.000584016471196144
"normal","mu_neg",1000,1e-06,-6,TRUE,2.5334693057796e-05
"normal","mu_neg",1000,3.16227766016838e-06,-5.5,TRUE,1.63430355942068e-05
"normal","mu_neg",1000,1e-05,-5,TRUE,1.3889870574754e-06
"normal","mu_neg",1000,3.16227766016838e-05,-4.5,TRUE,2.36268439008967e-07
"normal","mu_neg",1000,1e-04,-4,TRUE,3.04292979932122e-08
"normal","mu_neg",1000,0.000316227766016838,-3.5,TRUE,3.03132077088372e-07
"normal","mu_neg",1000,0.001,-3,TRUE,3.02419738974752e-06
"normal","mu_neg",1000,0.00316227766016838,-2.5,TRUE,3.02386203876084e-05
"normal","mu_neg",1000,0.01,-2,TRUE,0.000302419423155402
"normal","mu_neg",10000,1e-09,-9,TRUE,2537.60426203684
"normal","mu_neg",10000,3.16227766016838e-09,-8.5,TRUE,61.4664265381919
"normal","mu_neg",10000,1e-08,-8,TRUE,7.86992411136579
"normal","mu_neg",10000,3.16227766016838e-08,-7.5,TRUE,0.0388486106913759
"normal","mu_neg",10000,1e-07,-7,TRUE,0.0815046966341498
"normal","mu_neg",10000,3.16227766016838e-07,-6.5,TRUE,0.00072222030661262
"normal","mu_neg",10000,1e-06,-6,TRUE,0.000364116109656166
"normal","mu_neg",10000,3.16227766016838e-06,-5.5,TRUE,2.32655941823358e-05
"normal","mu_neg",10000,1e-05,-5,TRUE,4.3387372446911e-06
"normal","mu_neg",10000,3.16227766016838e-05,-4.5,TRUE,2.56256913618675e-06
"normal","mu_neg",10000,1e-04,-4,TRUE,6.00284998718172e-08
"normal","mu_neg",10000,0.000316227766016838,-3.5,TRUE,3.11022637674266e-07
"normal","mu_neg",10000,0.001,-3,TRUE,3.01060801402971e-06
"normal","mu_neg",10000,0.00316227766016838,-2.5,TRUE,3.00973039107688e-05
"normal","mu_neg",10000,0.01,-2,TRUE,0.000301005725071001
"normal","severidad",100,1e-09,-9,TRUE,112.652364427682
"normal","severidad",100,3.16227766016838e-09,-8.5,TRUE,1.00000735232212
"normal","severidad",100,1e-08,-8,TRUE,0.591133218904048
"normal","severidad",100,3.16227766016838e-08,-7.5,TRUE,0.0683322208311238
"normal","severidad",100,1e-07,-7,TRUE,0.00809646774722756
"normal","severidad",100,3.16227766016838e-07,-6.5,TRUE,0.000368107149123252
"normal","severidad",100,1e-06,-6,TRUE,7.2610866377354e-05
"normal","severidad",100,3.16227766016838e-06,-5.5,TRUE,1.01020562432092e-05
"normal","severidad",100,1e-05,-5,TRUE,6.68909926284837e-07
"normal","severidad",100,3.16227766016838e-05,-4.5,TRUE,7.79176171308725e-08
"normal","severidad",100,1e-04,-4,TRUE,1.77931694199693e-07
"normal","severidad",100,0.000316227766016838,-3.5,TRUE,1.66757322787693e-06
"normal","severidad",100,0.001,-3,TRUE,1.66719014829642e-05
"normal","severidad",100,0.00316227766016838,-2.5,TRUE,0.000166728341569342
"normal","severidad",100,0.01,-2,TRUE,0.00166828439408494
"normal","severidad",1000,1e-09,-9,TRUE,218.261168554416
"normal","severidad",1000,3.16227766016838e-09,-8.5,TRUE,31.7786667353858
"normal","severidad",1000,1e-08,-8,TRUE,2.26735690125659
"normal","severidad",1000,3.16227766016838e-08,-7.5,TRUE,0.348216498497687
"normal","severidad",1000,1e-07,-7,TRUE,0.00421965550138057
"normal","severidad",1000,3.16227766016838e-07,-6.5,TRUE,0.00132283239455219
"normal","severidad",1000,1e-06,-6,TRUE,0.000345156766695155
"normal","severidad",1000,3.16227766016838e-06,-5.5,TRUE,1.33241647512489e-05
"normal","severidad",1000,1e-05,-5,TRUE,4.35709724746567e-07
"normal","severidad",1000,3.16227766016838e-05,-4.5,TRUE,2.90868709526935e-07
"normal","severidad",1000,1e-04,-4,TRUE,1.50895665025951e-07
"normal","severidad",1000,0.000316227766016838,-3.5,TRUE,1.67172383964952e-06
"normal","severidad",1000,0.001,-3,TRUE,1.67447967188526e-05
"normal","severidad",1000,0.00316227766016838,-2.5,TRUE,0.000167458465077165
"normal","severidad",1000,0.01,-2,TRUE,0.00167559458171764
"normal","severidad",10000,1e-09,-9,TRUE,1271.1289044293
"normal","severidad",10000,3.16227766016838e-09,-8.5,TRUE,20.684035503747
"normal","severidad",10000,1e-08,-8,TRUE,0.56632007570335
"normal","severidad",10000,3.16227766016838e-08,-7.5,TRUE,0.619073129410143
"normal","severidad",10000,1e-07,-7,TRUE,0.0408327250234488
"normal","severidad",10000,3.16227766016838e-07,-6.5,TRUE,0.00368077925112475
"normal","severidad",10000,1e-06,-6,TRUE,0.000630560736610822
"normal","severidad",10000,3.16227766016838e-06,-5.5,TRUE,4.65379092909327e-05
"normal","severidad",10000,1e-05,-5,TRUE,1.29059658225354e-06
"normal","severidad",10000,3.16227766016838e-05,-4.5,TRUE,2.85108845458418e-07
"normal","severidad",10000,1e-04,-4,TRUE,1.96276374135923e-07
"normal","severidad",10000,0.000316227766016838,-3.5,TRUE,1.68770293166803e-06
"normal","severidad",10000,0.001,-3,TRUE,1.67778981583969e-05
"normal","severidad",10000,0.00316227766016838,-2.5,TRUE,0.000167783667709763
"normal","severidad",10000,0.01,-2,TRUE,0.00167885010201379
"normal","sd_pequena",100,1e-09,-9,TRUE,0.00124913580703953
"normal","sd_pequena",100,3.16227766016838e-09,-8.5,TRUE,2.90253428408124e-05
"normal","sd_pequena",100,1e-08,-8,TRUE,3.90568425670142e-05
"normal","sd_pequena",100,3.16227766016838e-08,-7.5,TRUE,1.81147004952523e-06
"normal","sd_pequena",100,1e-07,-7,TRUE,1.73842672577983e-08
"normal","sd_pequena",100,3.16227766016838e-07,-6.5,TRUE,2.55204379143313e-09
"normal","sd_pequena",100,1e-06,-6,TRUE,2.47971544926057e-09
"normal","sd_pequena",100,3.16227766016838e-06,-5.5,TRUE,2.41004388459889e-10
"normal","sd_pequena",100,1e-05,-5,TRUE,1.45350073959993e-11
"normal","sd_pequena",100,3.16227766016838e-05,-4.5,TRUE,3.56232891917118e-12
"normal","sd_pequena",100,1e-04,-4,TRUE,4.78355491837909e-13
"normal","sd_pequena",100,0.000316227766016838,-3.5,TRUE,3.01049595262332e-12
"normal","sd_pequena",100,0.001,-3,TRUE,3.00499636797339e-11
"normal","sd_pequena",100,0.00316227766016838,-2.5,TRUE,3.00516755213194e-10
"normal","sd_pequena",100,0.01,-2,TRUE,3.00690552345383e-09
"normal","sd_pequena",1000,1e-09,-9,TRUE,0.00713752726066296
"normal","sd_pequena",1000,3.16227766016838e-09,-8.5,TRUE,0.00156619912492026
"normal","sd_pequena",1000,1e-08,-8,TRUE,9.45305088049264e-05
"normal","sd_pequena",1000,3.16227766016838e-08,-7.5,TRUE,7.09976073602629e-06
"normal","sd_pequena",1000,1e-07,-7,TRUE,7.23809928893084e-07
"normal","sd_pequena",1000,3.16227766016838e-07,-6.5,TRUE,8.12910027226509e-08
"normal","sd_pequena",1000,1e-06,-6,TRUE,1.06849592551451e-09
"normal","sd_pequena",1000,3.16227766016838e-06,-5.5,TRUE,8.37271027103331e-10
"normal","sd_pequena",1000,1e-05,-5,TRUE,1.3574061420283e-10
"normal","sd_pequena",1000,3.16227766016838e-05,-4.5,TRUE,5.84764352496415e-12
"normal","sd_pequena",1000,1e-04,-4,TRUE,4.475633310673e-13
"normal","sd_pequena",1000,0.000316227766016838,-3.5,TRUE,3.39135884839675e-12
"normal","sd_pequena",1000,0.001,-3,TRUE,3.37413998003781e-11
"normal","sd_pequena",1000,0.00316227766016838,-2.5,TRUE,3.37434924514026e-10
"normal","sd_pequena",1000,0.01,-2,TRUE,3.37626291712694e-09
"normal","sd_pequena",10000,1e-09,-9,TRUE,0.0225468414844473
"normal","sd_pequena",10000,3.16227766016838e-09,-8.5,TRUE,0.00111173705760538
"normal","sd_pequena",10000,1e-08,-8,TRUE,6.17350397459468e-05
"normal","sd_pequena",10000,3.16227766016838e-08,-7.5,TRUE,1.93141037355614e-05
"normal","sd_pequena",10000,1e-07,-7,TRUE,3.84546968236267e-07
"normal","sd_pequena",10000,3.16227766016838e-07,-6.5,TRUE,1.1412255212277e-07
"normal","sd_pequena",10000,1e-06,-6,TRUE,1.25795086134125e-08
"normal","sd_pequena",10000,3.16227766016838e-06,-5.5,TRUE,3.31201595609707e-09
"normal","sd_pequena",10000,1e-05,-5,TRUE,1.49044572838727e-10
"normal","sd_pequena",10000,3.16227766016838e-05,-4.5,TRUE,1.27227316780793e-11
"normal","sd_pequena",10000,1e-04,-4,TRUE,3.233588154506e-12
"normal","sd_pequena",10000,0.000316227766016838,-3.5,TRUE,3.23759568897969e-12
"normal","sd_pequena",10000,0.001,-3,TRUE,3.22940886762656e-11
"normal","sd_pequena",10000,0.00316227766016838,-2.5,TRUE,3.22960987170656e-10
"normal","sd_pequena",10000,0.01,-2,TRUE,3.2314551726424e-09
"lognormal","tipica",100,1e-09,-9,TRUE,3287.03082458131
"lognormal","tipica",100,3.16227766016838e-09,-8.5,TRUE,219.09418520662
"lognormal","tipica",100,1e-08,-8,TRUE,28.3635583196704
"lognormal","tipica",100,3.16227766016838e-08,-7.5,TRUE,0.702178441982119
"lognormal","tipica",100,1e-07,-7,TRUE,0.187452113237141
"lognormal","tipica",100,3.16227766016838e-07,-6.5,TRUE,0.0105629937660694
"lognormal","tipica",100,1e-06,-6,TRUE,0.000688310056999282
"lognormal","tipica",100,3.16227766016838e-06,-5.5,TRUE,0.000120294917531546
"lognormal","tipica",100,1e-05,-5,TRUE,2.26850866200715e-05
"lognormal","tipica",100,3.16227766016838e-05,-4.5,TRUE,3.37678781812493e-07
"lognormal","tipica",100,1e-04,-4,TRUE,1.63896800270306e-07
"lognormal","tipica",100,0.000316227766016838,-3.5,TRUE,3.04520752026071e-08
"lognormal","tipica",100,0.001,-3,TRUE,3.23018918593656e-07
"lognormal","tipica",100,0.00316227766016838,-2.5,TRUE,3.21319020592826e-06
"lognormal","tipica",100,0.01,-2,TRUE,3.21296087713598e-05
"lognormal","tipica",1000,1e-09,-9,TRUE,8745.41754037503
"lognormal","tipica",1000,3.16227766016838e-09,-8.5,TRUE,967.039208802055
"lognormal","tipica",1000,1e-08,-8,TRUE,53.3941287149358
"lognormal","tipica",1000,3.16227766016838e-08,-7.5,TRUE,14.9408301433871
"lognormal","tipica",1000,1e-07,-7,TRUE,0.788191625359908
"lognormal","tipica",1000,3.16227766016838e-07,-6.5,TRUE,0.0258418750955905
"lognormal","tipica",1000,1e-06,-6,TRUE,0.0170464063343803
"lognormal","tipica",1000,3.16227766016838e-06,-5.5,TRUE,0.000534697006828526
"lognormal","tipica",1000,1e-05,-5,TRUE,0.00015868218867656
"lognormal","tipica",1000,3.16227766016838e-05,-4.5,TRUE,1.10409357487466e-05
"lognormal","tipica",1000,1e-04,-4,TRUE,6.37014032581061e-07
"lognormal","tipica",1000,0.000316227766016838,-3.5,TRUE,1.59598344435971e-08
"lognormal","tipica",1000,0.001,-3,TRUE,3.10306230659568e-07
"lognormal","tipica",1000,0.00316227766016838,-2.5,TRUE,3.20036084492783e-06
"lognormal","tipica",1000,0.01,-2,TRUE,3.20163308320793e-05
"lognormal","tipica",10000,1e-09,-9,TRUE,2937.10249678021
"lognormal","tipica",10000,3.16227766016838e-09,-8.5,TRUE,580.128873190109
"lognormal","tipica",10000,1e-08,-8,TRUE,83.3401795034527
"lognormal","tipica",10000,3.16227766016838e-08,-7.5,TRUE,29.5501914708693
"lognormal","tipica",10000,1e-07,-7,TRUE,2.63203440572457
"lognormal","tipica",10000,3.16227766016838e-07,-6.5,TRUE,0.289000190945744
"lognormal","tipica",10000,1e-06,-6,TRUE,0.00534605135095542
"lognormal","tipica",10000,3.16227766016838e-06,-5.5,TRUE,0.00204313766243067
"lognormal","tipica",10000,1e-05,-5,TRUE,0.000167928268809256
"lognormal","tipica",10000,3.16227766016838e-05,-4.5,TRUE,2.61397650290251e-05
"lognormal","tipica",10000,1e-04,-4,TRUE,1.30152546345167e-06
"lognormal","tipica",10000,0.000316227766016838,-3.5,TRUE,2.33856210334571e-07
"lognormal","tipica",10000,0.001,-3,TRUE,3.38384122662851e-07
"lognormal","tipica",10000,0.00316227766016838,-2.5,TRUE,3.1944941533134e-06
"lognormal","tipica",10000,0.01,-2,TRUE,3.19455760059324e-05
"lognormal","poca_disp",100,1e-09,-9,TRUE,1.8538229509007
"lognormal","poca_disp",100,3.16227766016838e-09,-8.5,TRUE,0.21276425664075
"lognormal","poca_disp",100,1e-08,-8,TRUE,0.0137108047679454
"lognormal","poca_disp",100,3.16227766016838e-08,-7.5,TRUE,0.00100592143132514
"lognormal","poca_disp",100,1e-07,-7,TRUE,0.00021559299687047
"lognormal","poca_disp",100,3.16227766016838e-07,-6.5,TRUE,1.82445525123628e-05
"lognormal","poca_disp",100,1e-06,-6,TRUE,1.63994114130227e-06
"lognormal","poca_disp",100,3.16227766016838e-06,-5.5,TRUE,1.00595280868973e-07
"lognormal","poca_disp",100,1e-05,-5,TRUE,9.51587252035067e-09
"lognormal","poca_disp",100,3.16227766016838e-05,-4.5,TRUE,7.12524668429211e-10
"lognormal","poca_disp",100,1e-04,-4,TRUE,2.08982886373361e-10
"lognormal","poca_disp",100,0.000316227766016838,-3.5,TRUE,1.48659482102114e-09
"lognormal","poca_disp",100,0.001,-3,TRUE,1.47447319065557e-08
"lognormal","poca_disp",100,0.00316227766016838,-2.5,TRUE,1.47440675586102e-07
"lognormal","poca_disp",100,0.01,-2,TRUE,1.47456513141945e-06
"lognormal","poca_disp",1000,1e-09,-9,TRUE,0.54523102334516
"lognormal","poca_disp",1000,3.16227766016838e-09,-8.5,TRUE,0.0928698378136524
"lognormal","poca_disp",1000,1e-08,-8,TRUE,0.0440042900879508
"lognormal","poca_disp",1000,3.16227766016838e-08,-7.5,TRUE,0.00506279588882985
"lognormal","poca_disp",1000,1e-07,-7,TRUE,0.000189488028761434
"lognormal","poca_disp",1000,3.16227766016838e-07,-6.5,TRUE,9.17124478684757e-06
"lognormal","poca_disp",1000,1e-06,-6,TRUE,1.25047081138912e-06
"lognormal","poca_disp",1000,3.16227766016838e-06,-5.5,TRUE,2.14274339432487e-07
"lognormal","poca_disp",1000,1e-05,-5,TRUE,1.31318669212316e-08
"lognormal","poca_disp",1000,3.16227766016838e-05,-4.5,TRUE,1.24153994532122e-09
"lognormal","poca_disp",1000,1e-04,-4,TRUE,8.92720457207186e-10
"lognormal","poca_disp",1000,0.000316227766016838,-3.5,TRUE,1.55138503555199e-09
"lognormal","poca_disp",1000,0.001,-3,TRUE,1.50894564296586e-08
"lognormal","poca_disp",1000,0.00316227766016838,-2.5,TRUE,1.5088339039148e-07
"lognormal","poca_disp",1000,0.01,-2,TRUE,1.50899315642103e-06
"lognormal","poca_disp",10000,1e-09,-9,TRUE,3.85171539794808
"lognormal","poca_disp",10000,3.16227766016838e-09,-8.5,TRUE,0.314104395116026
"lognormal","poca_disp",10000,1e-08,-8,TRUE,0.0646849378105309
"lognormal","poca_disp",10000,3.16227766016838e-08,-7.5,TRUE,0.00559325699778359
"lognormal","poca_disp",10000,1e-07,-7,TRUE,0.000302555204283324
"lognormal","poca_disp",10000,3.16227766016838e-07,-6.5,TRUE,2.87817729815644e-05
"lognormal","poca_disp",10000,1e-06,-6,TRUE,3.33017583440899e-06
"lognormal","poca_disp",10000,3.16227766016838e-06,-5.5,TRUE,1.1460541578473e-06
"lognormal","poca_disp",10000,1e-05,-5,TRUE,3.35554118532796e-08
"lognormal","poca_disp",10000,3.16227766016838e-05,-4.5,TRUE,2.58415202637421e-09
"lognormal","poca_disp",10000,1e-04,-4,TRUE,1.74055622662692e-10
"lognormal","poca_disp",10000,0.000316227766016838,-3.5,TRUE,1.44960156168866e-09
"lognormal","poca_disp",10000,0.001,-3,TRUE,1.46083294853904e-08
"lognormal","poca_disp",10000,0.00316227766016838,-2.5,TRUE,1.46045172397818e-07
"lognormal","poca_disp",10000,0.01,-2,TRUE,1.4605979844245e-06
"lognormal","muy_dispersa",100,1e-09,-9,TRUE,290.196403722825
"lognormal","muy_dispersa",100,3.16227766016838e-09,-8.5,TRUE,146.005811601612
"lognormal","muy_dispersa",100,1e-08,-8,TRUE,2.28799604671912
"lognormal","muy_dispersa",100,3.16227766016838e-08,-7.5,TRUE,2.08711327462672
"lognormal","muy_dispersa",100,1e-07,-7,TRUE,0.0466190426261859
"lognormal","muy_dispersa",100,3.16227766016838e-07,-6.5,TRUE,0.0063970003708332
"lognormal","muy_dispersa",100,1e-06,-6,TRUE,0.00199951241175504
"lognormal","muy_dispersa",100,3.16227766016838e-06,-5.5,TRUE,7.78129622998147e-05
"lognormal","muy_dispersa",100,1e-05,-5,TRUE,5.97573101051341e-06
"lognormal","muy_dispersa",100,3.16227766016838e-05,-4.5,TRUE,1.04377089907734e-06
"lognormal","muy_dispersa",100,1e-04,-4,TRUE,1.66773493479408e-07
"lognormal","muy_dispersa",100,0.000316227766016838,-3.5,TRUE,2.64671429203534e-08
"lognormal","muy_dispersa",100,0.001,-3,TRUE,3.5072806235995e-07
"lognormal","muy_dispersa",100,0.00316227766016838,-2.5,TRUE,3.50951479157476e-06
"lognormal","muy_dispersa",100,0.01,-2,TRUE,3.50962695210844e-05
"lognormal","muy_dispersa",1000,1e-09,-9,TRUE,8155.46467072535
"lognormal","muy_dispersa",1000,3.16227766016838e-09,-8.5,TRUE,541.85629943662
"lognormal","muy_dispersa",1000,1e-08,-8,TRUE,86.3908381579683
"lognormal","muy_dispersa",1000,3.16227766016838e-08,-7.5,TRUE,3.18339512202863
"lognormal","muy_dispersa",1000,1e-07,-7,TRUE,0.277925507323857
"lognormal","muy_dispersa",1000,3.16227766016838e-07,-6.5,TRUE,0.0852521714874924
"lognormal","muy_dispersa",1000,1e-06,-6,TRUE,0.0096411798152335
"lognormal","muy_dispersa",1000,3.16227766016838e-06,-5.5,TRUE,0.000760539141545084
"lognormal","muy_dispersa",1000,1e-05,-5,TRUE,0.000106547317805164
"lognormal","muy_dispersa",1000,3.16227766016838e-05,-4.5,TRUE,3.15951431167033e-06
"lognormal","muy_dispersa",1000,1e-04,-4,TRUE,4.60368132103412e-07
"lognormal","muy_dispersa",1000,0.000316227766016838,-3.5,TRUE,2.51148313371627e-08
"lognormal","muy_dispersa",1000,0.001,-3,TRUE,3.27056917975453e-07
"lognormal","muy_dispersa",1000,0.00316227766016838,-2.5,TRUE,3.32244215672115e-06
"lognormal","muy_dispersa",1000,0.01,-2,TRUE,3.32299286055566e-05
"lognormal","muy_dispersa",10000,1e-09,-9,TRUE,8414.62644264347
"lognormal","muy_dispersa",10000,3.16227766016838e-09,-8.5,TRUE,612.813186448695
"lognormal","muy_dispersa",10000,1e-08,-8,TRUE,146.606114509679
"lognormal","muy_dispersa",10000,3.16227766016838e-08,-7.5,TRUE,4.92228337876091
"lognormal","muy_dispersa",10000,1e-07,-7,TRUE,0.56198527479281
"lognormal","muy_dispersa",10000,3.16227766016838e-07,-6.5,TRUE,0.149623084015979
"lognormal","muy_dispersa",10000,1e-06,-6,TRUE,0.00447808051705024
"lognormal","muy_dispersa",10000,3.16227766016838e-06,-5.5,TRUE,0.000490534731017392
"lognormal","muy_dispersa",10000,1e-05,-5,TRUE,0.000174801310793139
"lognormal","muy_dispersa",10000,3.16227766016838e-05,-4.5,TRUE,8.62084133644015e-06
"lognormal","muy_dispersa",10000,1e-04,-4,TRUE,2.01043464593072e-06
"lognormal","muy_dispersa",10000,0.000316227766016838,-3.5,TRUE,8.44744221433398e-08
"lognormal","muy_dispersa",10000,0.001,-3,TRUE,3.08075708771389e-07
"lognormal","muy_dispersa",10000,0.00316227766016838,-2.5,TRUE,3.32144944578073e-06
"lognormal","muy_dispersa",10000,0.01,-2,TRUE,3.32250174130223e-05
