dgp,cfg,m,k,parameter,theta_true,R,n,n_success,conv_rate,bias,rel_bias,rmse,rel_rmse,median_abs_rel_err,p90_rel_err,p95_rel_err,catastrophic,catastrophic_rate
moderada,P3c,3,3,shape1,2.0,300,1000,300,1.0,0.03390445280495591,0.016952226402477955,0.29123194024672244,0.14561597012336122,0.09750887298345079,0.20577832855025818,0.28375532667206343,0,0.0
moderada,P3c,3,3,shape2,1.5,300,1000,300,1.0,122.04285614575568,81.36190409717045,772.2422809561758,514.8281873041173,0.373376020090342,1.854233935093493,3.6264484879985592,53,0.17666666666666667
moderada,P3c,3,3,scale,500.0,300,1000,300,1.0,2871.4318559869303,5.74286371197386,17103.810745219515,34.20762149043903,0.26824343300123665,1.0682462661275238,2.0778513984192735,34,0.11333333333333333
moderada,P3w,3,3,shape1,2.0,300,1000,300,1.0,0.022494558019706457,0.011247279009853228,0.15279452268565563,0.07639726134282782,0.049678381475319666,0.11863364597959006,0.14883052119564558,0,0.0
moderada,P3w,3,3,shape2,1.5,300,1000,300,1.0,0.06320906883452682,0.04213937922301788,0.44535007645761066,0.29690005097174044,0.15033679253570797,0.42462472297117104,0.6017573226630604,4,0.013333333333333334
moderada,P3w,3,3,scale,500.0,300,1000,300,1.0,13.880594742114226,0.02776118948422845,107.64065757819363,0.21528131515638724,0.11510355771855302,0.3115177529594418,0.438898355006941,1,0.0033333333333333335
moderada,P5,5,3,shape1,2.0,300,1000,300,1.0,0.006931525354731072,0.003465762677365536,0.14545573144231783,0.07272786572115891,0.045635661319303855,0.12220326267758658,0.134392696440959,0,0.0
moderada,P5,5,3,shape2,1.5,300,1000,300,1.0,0.10509728986481104,0.07006485990987403,0.5127266945435308,0.3418177963623539,0.16996571918519532,0.43273178026446923,0.6769967596429042,5,0.016666666666666666
moderada,P5,5,3,scale,500.0,300,1000,300,1.0,22.701152633693482,0.045402305267386964,120.01982489430462,0.24003964978860923,0.12668438359318326,0.3098859720170737,0.4889187255626172,2,0.006666666666666667
pesada,P3c,3,3,shape1,1.2,300,1000,300,1.0,0.019989559983929928,0.01665796665327494,0.18335872565840947,0.15279893804867456,0.09924458590992974,0.23915356244443595,0.3033783190292396,0,0.0
pesada,P3c,3,3,shape2,0.8,300,1000,300,1.0,0.11970792490620508,0.14963490613275635,0.5474335641132957,0.6842919551416196,0.2603681432081878,0.6389867624314454,1.1979700489572838,19,0.06333333333333334
pesada,P3c,3,3,scale,400.0,300,1000,300,1.0,121.88593953203701,0.30471484883009253,553.2712309285441,1.3831780773213602,0.3228427848294726,0.8463177129625932,1.7954000887965154,27,0.09
pesada,P3w,3,3,shape1,1.2,300,1000,300,1.0,-0.0021031597186538242,-0.0017526330988781869,0.0983850731798488,0.08198756098320734,0.05597496878868763,0.1336587922968689,0.14875751923643224,0,0.0
pesada,P3w,3,3,shape2,0.8,300,1000,300,1.0,0.03146086824922689,0.039326085311533615,0.1556016354995751,0.19450204437446886,0.12288977369493352,0.2818088863772861,0.35317522714994887,0,0.0
pesada,P3w,3,3,scale,400.0,300,1000,300,1.0,25.296346605799044,0.06324086651449762,103.69603103392534,0.2592400775848133,0.15829909910656945,0.4139101783040099,0.4812852585953517,1,0.0033333333333333335
pesada,P5,5,3,shape1,1.2,300,1000,300,1.0,-0.002022262439883793,-0.0016852186999031609,0.1505099733156875,0.12542497776307293,0.07909716711766732,0.19566436486076974,0.22855657214414837,0,0.0
pesada,P5,5,3,shape2,0.8,300,1000,300,1.0,0.07387954187671464,0.0923494273458933,0.26574831778299035,0.3321853972287379,0.1793317546514806,0.46219003500689293,0.6088417127146258,6,0.02
pesada,P5,5,3,scale,400.0,300,1000,300,1.0,64.92754665579588,0.1623188666394897,210.6124654308829,0.5265311635772073,0.21466746402024434,0.6700170628840016,0.9132422546123203,11,0.03666666666666667
shapes_suaves,P3c,3,3,shape1,3.0,300,1000,300,1.0,0.03218164638799781,0.010727215462665937,0.3814678399971367,0.12715594666571223,0.09320663261752753,0.19361172387667216,0.24109218039610164,0,0.0
shapes_suaves,P3c,3,3,shape2,2.5,300,1000,300,1.0,4975.291128928822,1990.1164515715288,75295.12660469243,30118.050641876973,0.5332201751310823,958.7973079779218,1440.081583283576,101,0.33666666666666667
shapes_suaves,P3c,3,3,scale,600.0,300,1000,300,1.0,1859.4031164316802,3.0990051940528005,7280.2100658093295,12.13368344301555,0.2699231072146119,13.975172827929805,18.04663534794715,64,0.21333333333333335
shapes_suaves,P3w,3,3,shape1,3.0,300,1000,300,1.0,0.03353524769653893,0.011178415898846309,0.2018733846133821,0.0672911282044607,0.04450490064184587,0.10610045224146394,0.1378044257581804,0,0.0
shapes_suaves,P3w,3,3,shape2,2.5,300,1000,300,1.0,0.3107727455304543,0.12430909821218172,1.4864803626164356,0.5945921450465742,0.23885563293377926,0.7535755638829491,0.9534004371718443,14,0.04666666666666667
shapes_suaves,P3w,3,3,scale,600.0,300,1000,300,1.0,18.206142328571104,0.030343570547618506,119.40800073334054,0.19901333455556758,0.11055710518270179,0.2933955063840859,0.37911246936858,1,0.0033333333333333335
shapes_suaves,P5,5,3,shape1,3.0,300,1000,300,1.0,0.014716709316183518,0.004905569772061173,0.16728425382457537,0.05576141794152512,0.03870180929673387,0.09130728242582334,0.10355760436606869,0,0.0
shapes_suaves,P5,5,3,shape2,2.5,300,1000,300,1.0,0.3724705088543838,0.14898820354175352,2.0670903658547837,0.8268361463419135,0.20118823765720417,0.6283180508606088,0.9858739019154279,15,0.05
shapes_suaves,P5,5,3,scale,600.0,300,1000,300,1.0,20.988698512301994,0.03498116418716999,124.87303907847203,0.20812173179745339,0.10026797044720287,0.24661707378276862,0.34426051898416027,2,0.006666666666666667
shape2_alto,P3c,3,3,shape1,2.0,300,1000,300,1.0,0.03417017355998153,0.017085086779990766,0.20555865705472742,0.10277932852736371,0.06862731880105205,0.1501630564030714,0.20240551477136395,0,0.0
shape2_alto,P3c,3,3,shape2,4.0,300,1000,300,1.0,1788.667821580767,447.16695539519174,9120.326134244022,2280.0815335610055,0.59837038959237,851.9812940667572,1352.3390157025385,100,0.3333333333333333
shape2_alto,P3c,3,3,scale,500.0,300,1000,300,1.0,6699.94427228432,13.39988854456864,17557.231430568536,35.11446286113707,0.4213172034621988,46.04304771656645,57.28911040525116,88,0.29333333333333333
shape2_alto,P3w,3,3,shape1,2.0,300,1000,300,1.0,0.027331867177258218,0.013665933588629109,0.13817078920208742,0.06908539460104371,0.04661041911494629,0.10800909914242819,0.14684664897031624,0,0.0
shape2_alto,P3w,3,3,shape2,4.0,300,1000,300,1.0,410.85061055601204,102.71265263900301,3303.3151147870267,825.8287786967567,0.3254383063818874,1.403973314044106,3.551224099944977,44,0.14666666666666667
shape2_alto,P3w,3,3,scale,500.0,300,1000,300,1.0,1375.3761862312645,2.750752372462529,9147.480238263082,18.294960476526164,0.2264436522562055,0.745028042889291,1.6037897190282446,22,0.07333333333333333
shape2_alto,P5,5,3,shape1,2.0,300,1000,300,1.0,0.011858046677203138,0.005929023338601569,0.12965654503892518,0.06482827251946259,0.038383576526219154,0.10991246855681466,0.12195168013171667,0,0.0
shape2_alto,P5,5,3,shape2,4.0,300,1000,300,1.0,55.45258488544075,13.863146221360187,676.5173510739113,169.12933776847782,0.3177409022782256,1.7602272296291264,4.015424825530976,46,0.15333333333333332
shape2_alto,P5,5,3,scale,500.0,300,1000,300,1.0,532.4602679833888,1.0649205359667777,4652.5539861723055,9.305107972344612,0.2092655755489981,0.9322560858366779,1.76772426214085,27,0.09
shape2_bajo,P3c,3,3,shape1,2.0,300,1000,300,1.0,0.0895400576733194,0.0447700288366597,0.34217803906101546,0.17108901953050773,0.09037451238285443,0.260829213554517,0.3298905963903872,1,0.0033333333333333335
shape2_bajo,P3c,3,3,shape2,0.5,300,1000,300,1.0,-0.00017327310017756226,-0.0003465462003551245,0.14553271156393197,0.29106542312786393,0.15435321654821266,0.39801852150892736,0.5225483234564693,2,0.006666666666666667
shape2_bajo,P3c,3,3,scale,500.0,300,1000,300,1.0,4.970974399500392,0.009941948799000783,108.55952486150207,0.21711904972300414,0.10634853404478917,0.280890177122938,0.3698963818169104,2,0.006666666666666667
shape2_bajo,P3w,3,3,shape1,2.0,300,1000,300,1.0,0.012857539441427868,0.006428769720713934,0.15822566062318433,0.07911283031159216,0.05245380622572532,0.1255771805081767,0.14654378560646344,0,0.0
shape2_bajo,P3w,3,3,shape2,0.5,300,1000,300,1.0,0.007270149435867679,0.014540298871735358,0.07216022770161354,0.14432045540322708,0.09844808724081,0.22528300718343605,0.287900485529351,0,0.0
shape2_bajo,P3w,3,3,scale,500.0,300,1000,300,1.0,8.058962485671998,0.016117924971343997,58.896871106842205,0.11779374221368441,0.07857808073324235,0.18249123799654512,0.22334234227204644,0,0.0
shape2_bajo,P5,5,3,shape1,2.0,300,1000,300,1.0,0.03193579183543749,0.015967895917718744,0.30132552643945726,0.15066276321972863,0.10228187617071205,0.22358217472371542,0.27177247985122704,0,0.0
shape2_bajo,P5,5,3,shape2,0.5,300,1000,300,1.0,0.016732702582904713,0.033465405165809425,0.11776262048059948,0.23552524096119895,0.15596953073092457,0.3955634148957691,0.4506590486250916,0,0.0
shape2_bajo,P5,5,3,scale,500.0,300,1000,300,1.0,18.047593932130667,0.03609518786426134,91.7099017944397,0.1834198035888794,0.11221062211517796,0.30414605491835073,0.4034193386514622,0,0.0
escala_x1000,P3c,3,3,shape1,2.0,300,1000,300,1.0,0.01616811215741487,0.008084056078707436,0.27318609055985266,0.13659304527992633,0.09750714491232004,0.19595385483871716,0.24124585640489543,0,0.0
escala_x1000,P3c,3,3,shape2,1.5,300,1000,300,1.0,62.29948351055168,41.53298900703445,402.1150668842806,268.0767112561871,0.3508800691806827,2.266785995587794,5.153365424624554,59,0.19666666666666666
escala_x1000,P3c,3,3,scale,500000.0,300,1000,300,1.0,1728025.57381432,3.45605114762864,10546380.57540891,21.092761150817818,0.2557342322939228,1.4154473617914618,2.766293761284251,41,0.13666666666666666
escala_x1000,P3w,3,3,shape1,2.0,300,1000,300,1.0,0.018463696011692843,0.009231848005846421,0.13993702835812757,0.06996851417906379,0.04240169041009445,0.1151957253669965,0.13833342594981493,0,0.0
escala_x1000,P3w,3,3,shape2,1.5,300,1000,300,1.0,0.07190300382958759,0.047935335886391726,0.45074658907912063,0.3004977260527471,0.15988855744172836,0.39337163809230813,0.5925248972829852,3,0.01
escala_x1000,P3w,3,3,scale,500000.0,300,1000,300,1.0,15644.370021614537,0.031288740043229075,109625.63592779597,0.21925127185559193,0.11473048175734397,0.2939083176621723,0.39230555534016776,3,0.01
escala_x1000,P5,5,3,shape1,2.0,300,1000,300,1.0,0.008400036569504277,0.004200018284752138,0.14890090404994444,0.07445045202497222,0.04280247405625959,0.12620421067075316,0.14596413796556928,0,0.0
escala_x1000,P5,5,3,shape2,1.5,300,1000,300,1.0,0.1172683323087147,0.0781788882058098,0.5130588580165591,0.3420392386777061,0.16948028279991223,0.4591910017297131,0.6590372469362189,6,0.02
escala_x1000,P5,5,3,scale,500000.0,300,1000,300,1.0,26100.617805786547,0.052201235611573096,122331.22750067819,0.24466245500135636,0.12191144364432828,0.3347853886472354,0.4579870991494585,3,0.01
