"family","dgp","cfg","m","k","parameter","theta_true","ref_scale","rel_interpretable","R","n","paired","scale_mode","n_success","conv_rate","bias","rel_bias","rmse","rel_rmse","median_scaled_abs_err","p90_scaled_abs_err","catastrophic","catastrophic_rate","m_eff_median"
"exponential","rate_baja","P3w",3,1,"rate",0.01,0.01,TRUE,300,1000,TRUE,"s_Q",292,0.973333333333333,-1.35258508944646e-05,-0.00135258508944646,0.000383547307671066,0.0383547307671066,0.0264170131312808,0.0579947157350367,0,0,3
"exponential","rate_baja","P5",5,1,"rate",0.01,0.01,TRUE,300,1000,TRUE,"s_Q",296,0.986666666666667,-2.58455644284901e-05,-0.00258455644284901,0.000356258000295146,0.0356258000295146,0.0257417712294593,0.0562401241709453,0,0,5
"exponential","rate_alta","P3w",3,1,"rate",2,2,TRUE,300,1000,TRUE,"s_Q",296,0.986666666666667,0.00145485831598746,0.000727429157993731,0.0796886474187836,0.0398443237093918,0.0252602545143662,0.0689752348926699,0,0,3
"exponential","rate_alta","P5",5,1,"rate",2,2,TRUE,300,1000,TRUE,"s_Q",293,0.976666666666667,0.000591232342056269,0.000295616171028135,0.0738561187725164,0.0369280593862582,0.0225386933247029,0.059308820531938,0,0,5
"gamma","moderada","P3w",3,2,"shape",2,2,TRUE,300,1000,TRUE,"s_Q",300,1,0.012256623689114,0.00612831184455698,0.118706162755851,0.0593530813779253,0.0386495055479841,0.0986428709227893,0,0,3
"gamma","moderada","P3w",3,2,"scale",500,500,TRUE,300,1000,TRUE,"s_Q",300,1,-1.34263336728583,-0.00268526673457166,34.2062796791648,0.0684125593583295,0.0483190821542021,0.108508657837167,0,0,3
"gamma","moderada","P5",5,2,"shape",2,2,TRUE,300,1000,TRUE,"s_Q",300,1,0.0106461659766528,0.0053230829883264,0.114632216550084,0.0573161082750419,0.0421828648378324,0.0940893936748402,0,0,5
"gamma","moderada","P5",5,2,"scale",500,500,TRUE,300,1000,TRUE,"s_Q",300,1,-1.26935267761309,-0.00253870535522617,33.0180609115674,0.0660361218231347,0.0455026210686855,0.105063752054619,0,0,5
"gamma","shape_bajo","P3w",3,2,"shape",0.5,0.5,TRUE,300,1000,TRUE,"s_Q",300,1,0.00464434122182,0.00928868244364001,0.035329386432338,0.070658772864676,0.0463415591823665,0.118696746837353,0,0,3
"gamma","shape_bajo","P3w",3,2,"scale",1000,1000,TRUE,300,1000,TRUE,"s_Q",300,1,-11.9206977542254,-0.0119206977542254,90.9783697609919,0.0909783697609919,0.0658533217665049,0.142861638166513,0,0,3
"gamma","shape_bajo","P5",5,2,"shape",0.5,0.5,TRUE,300,1000,TRUE,"s_Q",300,1,0.00576744746280311,0.0115348949256062,0.0405746271426876,0.0811492542853752,0.0563795173749079,0.131917332281962,0,0,5
"gamma","shape_bajo","P5",5,2,"scale",1000,1000,TRUE,300,1000,TRUE,"s_Q",300,1,-11.8669689542438,-0.0118669689542438,97.3134184221117,0.0973134184221117,0.0748846644607949,0.156095434797935,0,0,5
"gamma","casi_sim","P3w",3,2,"shape",9,9,TRUE,300,1000,TRUE,"s_Q",299,0.996666666666667,0.102269970263576,0.0113633300292862,0.53285583439095,0.0592062038212166,0.0382915998353898,0.0984125410392289,0,0,3
"gamma","casi_sim","P3w",3,2,"scale",100,100,TRUE,300,1000,TRUE,"s_Q",299,0.996666666666667,-0.917922576354187,-0.00917922576354186,5.93443995803468,0.0593443995803468,0.0400820858386261,0.0992124042208448,0,0,3
"gamma","casi_sim","P5",5,2,"shape",9,9,TRUE,300,1000,TRUE,"s_Q",299,0.996666666666667,0.0936252151608823,0.0104028016845425,0.508161376457291,0.0564623751619212,0.0364063461542362,0.0896027398784757,0,0,5
"gamma","casi_sim","P5",5,2,"scale",100,100,TRUE,300,1000,TRUE,"s_Q",299,0.996666666666667,-0.874277564603034,-0.00874277564603034,5.63573562393937,0.0563573562393937,0.0381278617089212,0.0929588181852583,0,0,5
"weibull","moderada","P3w",3,2,"shape",1.5,1.5,TRUE,300,1000,TRUE,"s_Q",299,0.996666666666667,0.00031331354388775,0.000208875695925167,0.0511582530522618,0.0341055020348412,0.0200050981610054,0.0582925122064397,0,0,3
"weibull","moderada","P3w",3,2,"scale",800,800,TRUE,300,1000,TRUE,"s_Q",299,0.996666666666667,-0.651414711414986,-0.000814268389268733,19.246334458843,0.0240579180735538,0.0150604200679497,0.0415139500590826,0,0,3
"weibull","moderada","P5",5,2,"shape",1.5,1.5,TRUE,300,1000,TRUE,"s_Q",300,1,0.000820501157923648,0.000547000771949098,0.0485770465466908,0.0323846976977939,0.0211081167043974,0.0549148029338762,0,0,5
"weibull","moderada","P5",5,2,"scale",800,800,TRUE,300,1000,TRUE,"s_Q",300,1,-0.0143562896528238,-1.79453620660297e-05,18.9175551630738,0.0236469439538423,0.0137353201709053,0.0393526172337872,0,0,5
"weibull","shape_bajo","P3w",3,2,"shape",0.7,0.7,TRUE,300,1000,TRUE,"s_Q",292,0.973333333333333,0.00106308340546823,0.00151869057924034,0.0272849131219674,0.0389784473170962,0.0264176914110034,0.0663938009785227,0,0,3
"weibull","shape_bajo","P3w",3,2,"scale",500,500,TRUE,300,1000,TRUE,"s_Q",292,0.973333333333333,0.814546924204933,0.00162909384840987,25.4940525732285,0.0509881051464571,0.0382078075601521,0.0840422978319179,0,0,3
"weibull","shape_bajo","P5",5,2,"shape",0.7,0.7,TRUE,300,1000,TRUE,"s_Q",299,0.996666666666667,-0.00189446851072772,-0.00270638358675389,0.032829375124878,0.0468991073212542,0.0330481173685924,0.0731565465911355,0,0,5
"weibull","shape_bajo","P5",5,2,"scale",500,500,TRUE,300,1000,TRUE,"s_Q",299,0.996666666666667,-1.82980377843813,-0.00365960755687627,27.0074380538038,0.0540148761076076,0.0347148971778258,0.0915126082481014,0,0,5
"weibull","casi_sim","P3w",3,2,"shape",3,3,TRUE,300,1000,TRUE,"s_Q",298,0.993333333333333,0.013402599561545,0.00446753318718166,0.095332351088855,0.0317774503629517,0.0213638370140368,0.052184686461772,0,0,3
"weibull","casi_sim","P3w",3,2,"scale",1000,1000,TRUE,300,1000,TRUE,"s_Q",298,0.993333333333333,-0.826043911388183,-0.000826043911388183,11.518069925908,0.011518069925908,0.0085151361866915,0.0178948094483933,0,0,3
"weibull","casi_sim","P5",5,2,"shape",3,3,TRUE,300,1000,TRUE,"s_Q",296,0.986666666666667,0.0148961939165768,0.00496539797219227,0.0901433643397338,0.0300477881132446,0.0205324594317419,0.0514972665819555,0,0,5
"weibull","casi_sim","P5",5,2,"scale",1000,1000,TRUE,300,1000,TRUE,"s_Q",296,0.986666666666667,-0.489110850632528,-0.000489110850632528,11.1270643922976,0.0111270643922976,0.00800230403627643,0.0174983820922645,0,0,5
"lognormal","tipica","P3w",3,2,"meanlog",7,1.3,FALSE,300,1000,TRUE,"s_Q",293,0.976666666666667,-0.00195629792370955,NA,0.0468906897974191,NA,0.0290654002137807,0.0570039473405567,0,0,3
"lognormal","tipica","P3w",3,2,"sdlog",1.3,1.3,TRUE,300,1000,TRUE,"s_Q",293,0.976666666666667,-0.00578250139464354,-0.00444807799587964,0.054155593674804,0.0416581489806185,0.0282217723950203,0.0712830326248065,0,0,3
"lognormal","tipica","P5",5,2,"meanlog",7,1.3,FALSE,300,1000,TRUE,"s_Q",290,0.966666666666667,-0.00260283110347626,NA,0.055527491934979,NA,0.0298760604188068,0.0682230906121069,0,0,5
"lognormal","tipica","P5",5,2,"sdlog",1.3,1.3,TRUE,300,1000,TRUE,"s_Q",290,0.966666666666667,-0.00492656624029908,-0.0037896663386916,0.0635749109755558,0.0489037776735045,0.0345935489027185,0.0796201369052506,0,0,5
"lognormal","poca_disp","P3w",3,2,"meanlog",7,0.4,FALSE,300,1000,TRUE,"s_Q",297,0.99,-0.000545139140997186,NA,0.0139213708196282,NA,0.0227240400822315,0.0578899129885309,0,0,3
"lognormal","poca_disp","P3w",3,2,"sdlog",0.4,0.4,TRUE,300,1000,TRUE,"s_Q",297,0.99,-0.0010170465860157,-0.00254261646503925,0.0118407804670965,0.0296019511677413,0.0201381895271509,0.0480782047411959,0,0,3
"lognormal","poca_disp","P5",5,2,"meanlog",7,0.4,FALSE,300,1000,TRUE,"s_Q",298,0.993333333333333,-0.000562655270144319,NA,0.013531078140271,NA,0.0222246022902228,0.0581641981796626,0,0,5
"lognormal","poca_disp","P5",5,2,"sdlog",0.4,0.4,TRUE,300,1000,TRUE,"s_Q",298,0.993333333333333,-0.00102559970075505,-0.00256399925188763,0.011381768978398,0.0284544224459951,0.0179721343851592,0.0481938357634936,0,0,5
"lognormal","muy_dispersa","P3w",3,2,"meanlog",2,2,FALSE,300,1000,TRUE,"s_Q",286,0.953333333333333,0.00267070229934641,NA,0.0755671168289668,NA,0.0255606638249092,0.0595982151979057,0,0,3
"lognormal","muy_dispersa","P3w",3,2,"sdlog",2,2,TRUE,300,1000,TRUE,"s_Q",286,0.953333333333333,0.00101620956688686,0.00050810478344343,0.0803337518285087,0.0401668759142544,0.0254647896819037,0.0661066082922976,0,0,3
"lognormal","muy_dispersa","P5",5,2,"meanlog",2,2,FALSE,300,1000,TRUE,"s_Q",289,0.963333333333333,0.00100777749958514,NA,0.114249245912437,NA,0.0370133613213022,0.095327761453094,0,0,5
"lognormal","muy_dispersa","P5",5,2,"sdlog",2,2,TRUE,300,1000,TRUE,"s_Q",289,0.963333333333333,0.00220574667345419,0.00110287333672709,0.117132114122089,0.0585660570610447,0.0400386892664577,0.0926622276063487,0,0,5
"loglogistic","moderada","P3w",3,2,"shape",2.5,2.5,TRUE,300,1000,TRUE,"s_Q",300,1,0.0161430690582245,0.0064572276232898,0.0963084147286121,0.0385233658914448,0.0277200783981051,0.0634900787765656,0,0,3
"loglogistic","moderada","P3w",3,2,"scale",600,600,TRUE,300,1000,TRUE,"s_Q",300,1,0.829066696367704,0.00138177782727951,14.4365719535693,0.0240609532559489,0.0157327776408928,0.0415078495299241,0,0,3
"loglogistic","moderada","P5",5,2,"shape",2.5,2.5,TRUE,300,1000,TRUE,"s_Q",298,0.993333333333333,0.0168277232379439,0.00673108929517756,0.0961785067980321,0.0384714027192129,0.0265999165050979,0.0643368703655904,0,0,5
"loglogistic","moderada","P5",5,2,"scale",600,600,TRUE,300,1000,TRUE,"s_Q",298,0.993333333333333,1.20657094788157,0.00201095157980262,13.8128375555019,0.0230213959258365,0.0144884551896357,0.0373846648478174,0,0,5
"loglogistic","cola_pesada","P3w",3,2,"shape",1.2,1.2,TRUE,300,1000,TRUE,"s_Q",291,0.97,0.0093109042381283,0.00775908686510692,0.0538225388149752,0.044852115679146,0.0310357434962588,0.0720759296529596,0,0,3
"loglogistic","cola_pesada","P3w",3,2,"scale",400,400,TRUE,300,1000,TRUE,"s_Q",291,0.97,-0.647426349018701,-0.00161856587254675,19.6345772743272,0.0490864431858181,0.0317916704593682,0.0811492467814659,0,0,3
"loglogistic","cola_pesada","P5",5,2,"shape",1.2,1.2,TRUE,300,1000,TRUE,"s_Q",298,0.993333333333333,0.00975700449585659,0.00813083707988049,0.0670888066280684,0.0559073388567237,0.0380551034298013,0.0905029426341612,0,0,5
"loglogistic","cola_pesada","P5",5,2,"scale",400,400,TRUE,300,1000,TRUE,"s_Q",298,0.993333333333333,-0.388313356887977,-0.000970783392219943,24.2175396410991,0.0605438491027477,0.0368572416094,0.0991377064255048,0,0,5
"loglogistic","cola_ligera","P3w",3,2,"shape",4,4,TRUE,300,1000,TRUE,"s_Q",297,0.99,0.0193019947254882,0.00482549868137205,0.137243354913367,0.0343108387283417,0.0236577709669962,0.0570556783900332,0,0,3
"loglogistic","cola_ligera","P3w",3,2,"scale",1000,1000,TRUE,300,1000,TRUE,"s_Q",297,0.99,-0.235647215224617,-0.000235647215224617,15.2792267399101,0.0152792267399101,0.0106614891134755,0.0261671675519845,0,0,3
"loglogistic","cola_ligera","P5",5,2,"shape",4,4,TRUE,300,1000,TRUE,"s_Q",294,0.98,0.0135932645196144,0.0033983161299036,0.131596967261205,0.0328992418153012,0.0214751096926838,0.052969161062184,0,0,5
"loglogistic","cola_ligera","P5",5,2,"scale",1000,1000,TRUE,300,1000,TRUE,"s_Q",294,0.98,-0.165685608350714,-0.000165685608350714,14.4744633804353,0.0144744633804353,0.0101360225567496,0.0239854549000732,0,0,5
"pareto","moderada","P3w",3,2,"shape",2.5,2.5,TRUE,300,1000,TRUE,"s_Q",295,0.983333333333333,0.133617436423652,0.0534469745694606,0.5682981793975,0.227319271759,0.135297623632831,0.328177831872058,1,0.00338983050847458,3
"pareto","moderada","P3w",3,2,"scale",1000,1000,TRUE,300,1000,TRUE,"s_Q",295,0.983333333333333,70.3745441029407,0.0703745441029407,298.406949532544,0.298406949532544,0.182436036020806,0.41262219746071,4,0.0135593220338983,3
"pareto","moderada","P5",5,2,"shape",2.5,2.5,TRUE,300,1000,TRUE,"s_Q",290,0.966666666666667,0.144496662126652,0.0577986648506608,0.587321626474315,0.234928650589726,0.138377982880695,0.344424085159432,1,0.00344827586206897,5
"pareto","moderada","P5",5,2,"scale",1000,1000,TRUE,300,1000,TRUE,"s_Q",290,0.966666666666667,76.2133346102137,0.0762133346102137,308.787453670251,0.308787453670251,0.175297799140825,0.437452324802366,4,0.0137931034482759,5
"pareto","cola_pesada","P3w",3,2,"shape",1.2,1.2,TRUE,300,1000,TRUE,"s_Q",295,0.983333333333333,0.0412429078414756,0.0343690898678963,0.136468734264191,0.113723945220159,0.06728197308903,0.172212372589072,0,0,3
"pareto","cola_pesada","P3w",3,2,"scale",500,500,TRUE,300,1000,TRUE,"s_Q",295,0.983333333333333,27.8358152773363,0.0556716305546727,91.7213992108125,0.183442798421625,0.106620076981595,0.2814746855204,0,0,3
"pareto","cola_pesada","P5",5,2,"shape",1.2,1.2,TRUE,300,1000,TRUE,"s_Q",297,0.99,0.046517856542359,0.0387648804519658,0.166549703983175,0.138791419985979,0.0855418513159338,0.214789950798467,0,0,5
"pareto","cola_pesada","P5",5,2,"scale",500,500,TRUE,300,1000,TRUE,"s_Q",297,0.99,33.858519320734,0.067717038641468,123.472374118665,0.24694474823733,0.135643096580229,0.354989323996193,2,0.00673400673400673,5
"pareto","cola_ligera","P3w",3,2,"shape",4,4,TRUE,300,1000,TRUE,"s_Q",297,0.99,0.169489883288629,0.0423724708221573,1.21616934936517,0.304042337341293,0.135924089926484,0.452154255490773,5,0.0168350168350168,3
"pareto","cola_ligera","P3w",3,2,"scale",2000,2000,TRUE,300,1000,TRUE,"s_Q",297,0.99,103.454701642767,0.0517273508213834,739.224444328989,0.369612222164495,0.153597165443418,0.52715511429148,10,0.0336700336700337,3
"pareto","cola_ligera","P5",5,2,"shape",4,4,TRUE,300,1000,TRUE,"s_Q",296,0.986666666666667,0.249192061563934,0.0622980153909836,1.3871684207564,0.3467921051891,0.159747434000216,0.488949106066602,8,0.027027027027027,5
"pareto","cola_ligera","P5",5,2,"scale",2000,2000,TRUE,300,1000,TRUE,"s_Q",296,0.986666666666667,154.283656682792,0.0771418283413959,841.304863000189,0.420652431500095,0.191587174115597,0.596415755078193,13,0.0439189189189189,5
"burr","moderada","P3w",3,3,"shape1",2,2,TRUE,300,1000,TRUE,"s_Q",299,0.996666666666667,0.00762788270492987,0.00381394135246493,0.134394819378213,0.0671974096891067,0.046564312092489,0.108547744646234,0,0,3
"burr","moderada","P3w",3,3,"shape2",1.5,1.5,TRUE,300,1000,TRUE,"s_Q",299,0.996666666666667,0.0986450977826474,0.0657633985217649,0.467125899259888,0.311417266173259,0.1582275646167,0.40994155779052,5,0.0167224080267559,3
"burr","moderada","P3w",3,3,"scale",500,500,TRUE,300,1000,TRUE,"s_Q",299,0.996666666666667,20.9516086026692,0.0419032172053385,108.145976630752,0.216291953261503,0.115128546910164,0.287566040331594,2,0.00668896321070234,3
"burr","moderada","P5",5,3,"shape1",2,2,TRUE,300,1000,TRUE,"s_Q",299,0.996666666666667,0.00079908759790559,0.000399543798952795,0.134696267173176,0.0673481335865879,0.0438961995024667,0.1117081925804,0,0,5
"burr","moderada","P5",5,3,"shape2",1.5,1.5,TRUE,300,1000,TRUE,"s_Q",299,0.996666666666667,0.12221467867877,0.0814764524525131,0.472370785606324,0.314913857070882,0.17146852108224,0.487422790646697,3,0.0100334448160535,5
"burr","moderada","P5",5,3,"scale",500,500,TRUE,300,1000,TRUE,"s_Q",299,0.996666666666667,26.6709775258893,0.0533419550517785,109.610540765771,0.219221081531542,0.125946836634391,0.335469949112262,0,0,5
"burr","pesada","P3w",3,3,"shape1",1.2,1.2,TRUE,300,1000,TRUE,"s_Q",297,0.99,-0.0996988236165033,-0.0830823530137527,0.139897522569299,0.116581268807749,0.112775281042581,0.165161609271004,0,0,3
"burr","pesada","P3w",3,3,"shape2",0.8,0.8,TRUE,300,1000,TRUE,"s_Q",297,0.99,0.152847302409081,0.191059128011351,0.192683262030721,0.240854077538401,0.252713220371127,0.271243858966868,0,0,3
"burr","pesada","P3w",3,3,"scale",400,400,TRUE,300,1000,TRUE,"s_Q",297,0.99,99.6073519288015,0.249018379822004,128.413787766084,0.321034469415211,0.295890732567295,0.425267031871636,2,0.00673400673400673,3
"burr","pesada","P5",5,3,"shape1",1.2,1.2,TRUE,300,1000,TRUE,"s_Q",295,0.983333333333333,-0.000855168204712209,-0.000712640170593507,0.179192165530189,0.149326804608491,0.0853245071460457,0.253068817838474,0,0,5
"burr","pesada","P5",5,3,"shape2",0.8,0.8,TRUE,300,1000,TRUE,"s_Q",295,0.983333333333333,0.0933790974523904,0.116723871815488,0.340023444799856,0.42502930599982,0.184436294934538,0.627081089239062,9,0.0305084745762712,5
"burr","pesada","P5",5,3,"scale",400,400,TRUE,300,1000,TRUE,"s_Q",295,0.983333333333333,90.9868425464655,0.227467106366164,300.426832890083,0.751067082225207,0.220716460134085,0.963749244731813,28,0.0949152542372881,5
"normal","mu_pos","P3w",3,2,"mean",100,15,FALSE,300,1000,TRUE,"s_Q",298,0.993333333333333,-0.0388881082523937,NA,0.513687509438475,NA,0.0222129822916557,0.0575648248165571,0,0,3
"normal","mu_pos","P3w",3,2,"sd",15,15,TRUE,300,1000,TRUE,"s_Q",298,0.993333333333333,0.0156028479423789,0.00104018986282526,0.390959501352334,0.0260639667568223,0.0191531417230483,0.0435825207605088,0,0,3
"normal","mu_pos","P5",5,2,"mean",100,15,FALSE,300,1000,TRUE,"s_Q",300,1,-0.0427707695942416,NA,0.492732567282236,NA,0.0207508338783209,0.0534707095852322,0,0,5
"normal","mu_pos","P5",5,2,"sd",15,15,TRUE,300,1000,TRUE,"s_Q",300,1,0.0172343934066461,0.00114895956044307,0.365323542058976,0.0243549028039318,0.0172863477102469,0.0395785567629009,0,0,5
"normal","mu_cero","P3w",3,2,"mean",0,1,FALSE,300,1000,TRUE,"s_Q",299,0.996666666666667,0.00474480580632137,NA,0.034806462206905,NA,0.0230200891708752,0.0572046410834635,0,0,3
"normal","mu_cero","P3w",3,2,"sd",1,1,TRUE,300,1000,TRUE,"s_Q",299,0.996666666666667,-0.000409610337499311,-0.000409610337499311,0.0277074989693505,0.0277074989693505,0.0204605790545459,0.0462341455804499,0,0,3
"normal","mu_cero","P5",5,2,"mean",0,1,FALSE,300,1000,TRUE,"s_Q",289,0.963333333333333,0.00385938554481812,NA,0.0320046446295204,NA,0.0222379203071355,0.0498844749018015,0,0,5
"normal","mu_cero","P5",5,2,"sd",1,1,TRUE,300,1000,TRUE,"s_Q",289,0.963333333333333,-1.57875529637197e-05,-1.57875529637197e-05,0.0267743471442517,0.0267743471442517,0.0184316574896493,0.0438873987381921,0,0,5
"normal","mu_neg","P3w",3,2,"mean",-50,20,FALSE,300,1000,TRUE,"s_Q",300,1,-0.0185130048276037,NA,0.639705310862374,NA,0.0213050056660585,0.0521827643245799,0,0,3
"normal","mu_neg","P3w",3,2,"sd",20,20,TRUE,300,1000,TRUE,"s_Q",300,1,-0.075232999787957,-0.00376164998939785,0.563432969325508,0.0281716484662754,0.017752874854598,0.0481609571955866,0,0,3
"normal","mu_neg","P5",5,2,"mean",-50,20,FALSE,300,1000,TRUE,"s_Q",300,1,-3.3280808544589e-05,NA,0.620929220811311,NA,0.0197447240044548,0.0515313763566974,0,0,5
"normal","mu_neg","P5",5,2,"sd",20,20,TRUE,300,1000,TRUE,"s_Q",300,1,-0.0792474040677469,-0.00396237020338734,0.53225514779999,0.0266127573899995,0.0171742617102809,0.0430315560995054,0,0,5
